variante,entree_convention,as_of,calc_entree,calc_nc_net,calc_nc_net_pct_oi,close_entree,calc_ret_4s_pct,calc_pire_baisse_4s_pct,calc_ret_13s_pct,calc_pire_baisse_13s_pct,calc_ret_26s_pct,calc_pire_baisse_26s_pct
croisement,publication,2022-02-08,2022-02-11,-319,-3.23,42373.73,-8.6,-12.66,-30.88,-31.49,-42.41,-55.23
croisement,publication,2022-03-29,2022-04-01,-271,-2.25,46283.49,-16.61,-17.65,-58.34,-59.01,-58.04,-60.11
croisement,publication,2022-04-19,2022-04-22,-194,-1.72,39709.18,-26.46,-27.69,-42.87,-52.23,-51.74,-53.51
croisement,publication,2022-07-12,2022-07-15,-171,-1.27,20830.04,17.16,-0.15,-7.94,-11.37,-4.32,-24.24
croisement,publication,2022-10-04,2022-10-07,-32,-0.22,19530.09,8.29,-2.5,-13.21,-19.19,42.89,-19.19
croisement,publication,2022-11-01,2022-11-04,-452,-3.71,21148.52,-19.18,-25.38,10.8,-25.38,39.52,-25.38
croisement,publication,2022-12-13,2022-12-16,-40,-0.29,16632.12,19.83,-1.16,64.71,-1.16,58.4,-1.16
croisement,publication,2023-01-10,2023-01-13,-594,-3.99,19930.01,8.51,0,52.87,0,52.09,0
croisement,publication,2023-03-14,2023-03-17,-102,-0.76,27395.13,11.21,-1.78,-3.83,-8.27,-2.9,-8.27
croisement,publication,2023-06-27,2023-06-30,-2094,-11.12,30472,-3.8,-4.25,-11.7,-17.42,38.05,-17.42
croisement,publication,2023-10-24,2023-10-27,-454,-2.31,33892.02,11.28,0,23.4,0,88.16,0
croisement,publication,2024-04-09,2024-04-12,-153,-0.53,67116.52,-9.41,-13.04,-13.75,-16.77,-6.82,-19.6
croisement,publication,2024-05-07,2024-05-10,-783,-2.99,60799.99,14.07,0,0.06,-11.15,25.84,-11.25
croisement,publication,2024-08-20,2024-08-23,-243,-0.82,64037.24,-1.31,-15.73,54.43,-15.73,50.2,-15.73
croisement,publication,2024-09-10,2024-09-13,-353,-1.25,60498,3.38,-3.78,67.65,-3.78,38.82,-3.78
croisement,publication,2024-12-24,2024-12-27,-129,-0.35,94299.03,11.21,-1.85,-10.47,-16.65,13.52,-19.06
croisement,publication,2025-02-11,2025-02-14,-367,-1.11,97500.48,-13.86,-19.39,6.12,-21.72,20.35,-21.72
croisement,publication,2025-04-22,2025-04-25,-806,-2.86,94638.68,13.4,-0.94,24.28,-0.94,17.29,-0.94
croisement,publication,2025-09-30,2025-11-19,-108,-0.4,91554.96,-5.8,-7.44,-27.41,-31.29,-15.29,-31.29
croisement,publication,2025-11-18,,-312,-1.15,,,,,,,
croisement,publication,2025-12-23,2025-12-26,-479,-2.18,87369.56,2.55,-0.15,-23.99,-28,-31.21,-31.56
marque-52s-q25,publication,2022-11-01,2022-11-04,-452,-3.71,21148.52,-19.18,-25.38,10.8,-25.38,39.52,-25.38
marque-52s-q25,publication,2023-01-10,2023-01-13,-594,-3.99,19930.01,8.51,0,52.87,0,52.09,0
marque-52s-q25,publication,2023-03-21,2023-03-24,-621,-4.42,27454.47,-0.7,-1.2,11.78,-8.47,-3.18,-8.47
marque-52s-q25,publication,2023-06-27,2023-06-30,-2094,-11.12,30472,-3.8,-4.25,-11.7,-17.42,38.05,-17.42
marque-52s-q25,publication,2023-10-31,2023-11-03,-1746,-8.91,34716.78,11.42,0,24.44,0,81.13,0
marque-52s-q25,publication,2025-04-29,2025-05-02,-1231,-4.57,96887.14,7.33,-2.69,16.94,-2.69,13.13,-2.69
marque-52s-q10,publication,2023-01-10,2023-01-13,-594,-3.99,19930.01,8.51,0,52.87,0,52.09,0
marque-52s-q10,publication,2023-04-04,2023-04-07,-615,-4.6,27906.33,5.73,-2.31,8.74,-9.95,0.09,-9.95
marque-52s-q10,publication,2023-06-27,2023-06-30,-2094,-11.12,30472,-3.8,-4.25,-11.7,-17.42,38.05,-17.42
marque-52s-q10,publication,2023-10-31,2023-11-03,-1746,-8.91,34716.78,11.42,0,24.44,0,81.13,0
marque-52s-q10,publication,2025-05-06,2025-05-09,-1781,-6.37,102971.99,1.28,-1.42,13.31,-1.95,0.36,-1.95
marque-156s-q25,publication,2024-10-01,2024-10-04,-1684,-5.9,62086,11.94,-2.83,58.13,-2.83,35.12,-2.83
marque-156s-q25,publication,2025-04-29,2025-05-02,-1231,-4.57,96887.14,7.33,-2.69,16.94,-2.69,13.13,-2.69
marque-156s-q10,publication,2025-06-03,2025-06-06,-2312,-7.77,104288.44,3.54,-3.19,6.11,-3.19,-14.34,-18.74
croisement,arrete,2022-02-08,2022-02-08,-319,-3.23,44042.99,-12.06,-15.97,-29.58,-31.71,-47.44,-56.93
croisement,arrete,2022-03-29,2022-03-29,-271,-2.25,47434.8,-19.65,-19.65,-57.24,-60.01,-59.78,-61.08
croisement,arrete,2022-04-19,2022-04-19,-194,-1.72,41493.18,-26.63,-30.04,-43.61,-54.28,-53.42,-55.51
croisement,arrete,2022-07-12,2022-07-12,-171,-1.27,19328.75,19.77,0,-1.39,-4.49,-9.77,-18.35
croisement,arrete,2022-10-04,2022-10-04,-32,-0.22,20337.82,0.72,-6.37,-18.01,-22.4,38.49,-22.4
croisement,arrete,2022-11-01,2022-11-01,-452,-3.71,20483.62,-19.73,-22.96,12.9,-22.96,39.96,-22.96
croisement,arrete,2022-12-13,2022-12-13,-40,-0.29,17774.7,-1.88,-7.52,38.8,-7.52,45.91,-7.52
croisement,arrete,2023-01-10,2023-01-10,-594,-3.99,17440.66,33.25,0,73.16,0,75.58,0
croisement,arrete,2023-03-14,2023-03-14,-102,-0.76,24670.41,22.42,-1.56,5.12,-1.56,4.74,-1.56
croisement,arrete,2023-06-27,2023-06-27,-2094,-11.12,30692.44,-4.77,-4.94,-14.57,-18.02,38.5,-18.02
croisement,arrete,2023-10-24,2023-10-24,-454,-2.31,33922.73,5.36,-0.09,17.61,-0.09,95.78,-0.09
croisement,arrete,2024-04-09,2024-04-09,-153,-0.53,69146,-9.88,-15.59,-16.05,-19.22,-10.1,-21.96
croisement,arrete,2024-05-07,2024-05-07,-783,-2.99,62312.08,13.2,-2.43,-10.09,-13.31,11.33,-13.4
croisement,arrete,2024-08-20,2024-08-20,-243,-0.82,59013.8,2.2,-8.56,56.42,-8.56,62.12,-8.56
croisement,arrete,2024-09-10,2024-09-10,-353,-1.25,57635.99,7.85,-0.52,67.59,-0.52,43.89,-0.52
croisement,arrete,2024-12-24,2024-12-24,-129,-0.35,98663.58,7.58,-6.19,-11.42,-20.34,7.52,-22.64
croisement,arrete,2025-02-11,2025-02-11,-367,-1.11,95778.2,-13.41,-17.94,8.69,-20.31,25.43,-20.31
croisement,arrete,2025-04-22,2025-04-22,-806,-2.86,93442.99,14.35,0,28.37,0,15.9,0
croisement,arrete,2025-09-30,2025-09-30,-108,-0.4,114048.93,-1.01,-6.68,-22.41,-25.7,-40.13,-44.84
croisement,arrete,2025-11-18,2025-11-18,-312,-1.15,92960.83,-5.48,-8.84,-27.38,-32.33,-17.35,-32.33
croisement,arrete,2025-12-23,2025-12-23,-479,-2.18,87486,1.08,-0.3,-19.35,-28.09,-28.29,-30.41
marque-52s-q25,arrete,2022-11-01,2022-11-01,-452,-3.71,20483.62,-19.73,-22.96,12.9,-22.96,39.96,-22.96
marque-52s-q25,arrete,2023-01-10,2023-01-10,-594,-3.99,17440.66,33.25,0,73.16,0,75.58,0
marque-52s-q25,arrete,2023-03-21,2023-03-21,-621,-4.42,28105.47,8.09,-3.49,0.72,-10.59,-3.19,-10.59
marque-52s-q25,arrete,2023-06-27,2023-06-27,-2094,-11.12,30692.44,-4.77,-4.94,-14.57,-18.02,38.5,-18.02
marque-52s-q25,arrete,2023-10-31,2023-10-31,-1746,-8.91,34639.77,9.18,0,23.96,0,75.15,0
marque-52s-q25,arrete,2025-04-29,2025-04-29,-1231,-4.57,94256.82,15.58,-0.09,25.14,-0.09,19.78,-0.09
marque-52s-q10,arrete,2023-01-10,2023-01-10,-594,-3.99,17440.66,33.25,0,73.16,0,75.58,0
marque-52s-q10,arrete,2023-04-04,2023-04-04,-615,-4.6,28165.47,1.79,-3.2,9.23,-10.78,-2.62,-10.78
marque-52s-q10,arrete,2023-06-27,2023-06-27,-2094,-11.12,30692.44,-4.77,-4.94,-14.57,-18.02,38.5,-18.02
marque-52s-q10,arrete,2023-10-31,2023-10-31,-1746,-8.91,34639.77,9.18,0,23.96,0,75.15,0
marque-52s-q10,arrete,2025-05-06,2025-05-06,-1781,-6.37,96834.02,8.82,0,17.86,0,4.82,0
marque-156s-q25,arrete,2024-10-01,2024-10-01,-1684,-5.9,60805.78,19.62,-0.79,53.89,-0.79,40.05,-0.79
marque-156s-q25,arrete,2025-04-29,2025-04-29,-1231,-4.57,94256.82,15.58,-0.09,25.14,-0.09,19.78,-0.09
marque-156s-q10,arrete,2025-06-03,2025-06-03,-2312,-7.77,105376.89,0.29,-4.19,5.56,-4.19,-13.38,-19.58
debouclage-q5,publication,2019-04-23,2019-04-26,-1063,-24.65,5314.1,49.88,-1.43,84.87,-1.43,62.87,-1.43
debouclage-q5,publication,2019-12-24,2019-12-27,-1328,-37.5,7254.74,16.32,-3.98,-12.35,-33.84,26.29,-33.84
debouclage-q5,publication,2020-03-03,2020-03-06,-1582,-32.71,9131.88,-26.26,-47.44,5.36,-47.44,14.39,-47.44
debouclage-q5,publication,2020-04-07,2020-04-10,-1410,-25.88,6858.92,42.88,-3.47,35.42,-3.47,61.11,-3.47
debouclage-q5,publication,2021-03-16,2021-03-19,-2652,-28.41,58030.01,5.69,-11.61,-38.27,-42.48,-18.49,-48.66
debouclage-q5,publication,2021-05-25,2021-05-28,-1672,-18.8,35663.49,-11.44,-11.44,37.59,-16.47,50.65,-16.47
debouclage-q5,publication,2021-10-19,2021-10-22,-2846,-20.92,60688.22,-4.34,-6.26,-39.95,-39.95,-34.57,-42.21
debouclage-q5,publication,2021-11-30,2021-12-03,-1691,-12.81,53601.05,-13.78,-13.94,-26.96,-34.57,-44.59,-46.59
debouclage-q5,publication,2022-09-13,2022-09-16,126,0.96,19803.3,-3.16,-6.78,-16.01,-20.31,38.34,-20.31
debouclage-q5,publication,2022-10-04,2022-10-07,-32,-0.22,19530.09,8.29,-2.5,-13.21,-19.19,42.89,-19.19
debouclage-q5,publication,2023-01-10,2023-01-13,-594,-3.99,19930.01,8.51,0,52.87,0,52.09,0
debouclage-q5,publication,2023-06-27,2023-06-30,-2094,-11.12,30472,-3.8,-4.25,-11.7,-17.42,38.05,-17.42
debouclage-q5,publication,2023-10-31,2023-11-03,-1746,-8.91,34716.78,11.42,0,24.44,0,81.13,0
debouclage-q5,publication,2026-08-18,2026-08-21,2736,12.57,78338.03,3.25,-3.44,,,,
reconstruction-q5,publication,2019-12-31,2020-01-03,-1029,-32.3,7344.96,27.34,0,-8.32,-34.65,23.33,-34.65
reconstruction-q5,publication,2020-01-07,2020-01-10,-1435,-26.57,8197.02,19.72,-2.16,-16.32,-41.44,13.31,-41.44
reconstruction-q5,publication,2020-02-11,2020-02-14,-1680,-27.51,10344.36,-46.07,-53.6,-9.94,-53.6,13.69,-53.6
reconstruction-q5,publication,2020-02-18,2020-02-21,-1408,-21.79,9677.05,-35.84,-50.4,-5.24,-50.4,19.16,-50.4
reconstruction-q5,publication,2020-03-10,2020-03-13,-1046,-23.95,5578.6,22.95,-9.85,69.67,-9.85,86.21,-9.85
reconstruction-q5,publication,2020-08-25,2020-08-28,-2157,-18.57,11526.91,-7.29,-12.15,48.69,-12.15,301.47,-12.15
reconstruction-q5,publication,2020-11-10,2020-11-13,-2296,-20.3,16320.7,10.51,-2.23,189.74,-2.23,205.39,-2.23
reconstruction-q5,publication,2021-05-18,2021-05-21,-959,-10.47,37252.01,-3.84,-10.39,32.4,-20.03,55.84,-20.03
reconstruction-q5,publication,2021-08-17,2021-08-20,-726,-9.86,49322.47,-4.1,-9.07,17.7,-17.41,-18.95,-28.89
reconstruction-q5,publication,2021-11-02,2021-11-05,-1612,-11.93,60937.12,-12.04,-12.04,-31.78,-42.45,-40.9,-42.45
reconstruction-q5,publication,2021-11-23,2021-11-26,-160,-1.11,53726.53,-5.41,-14.14,-27,-34.72,-46.71,-46.71
reconstruction-q5,publication,2021-12-07,2021-12-10,-908,-6.86,47140.54,-11.82,-11.82,-17.84,-25.6,-38.29,-39.27
reconstruction-q5,publication,2022-08-23,2022-08-26,964,7.25,20241.05,-4.7,-8.79,-18.37,-22.03,14.55,-22.03
reconstruction-q5,publication,2023-08-22,2023-08-25,1515,8.78,26060.01,2,-3.44,44.72,-3.44,94.72,-3.44
debouclage-q10,publication,2019-04-23,2019-04-26,-1063,-24.65,5314.1,49.88,-1.43,84.87,-1.43,62.87,-1.43
debouclage-q10,publication,2019-12-17,2019-12-20,-1176,-30.62,7187.83,24.01,-3.09,-13.63,-33.22,29.53,-33.22
debouclage-q10,publication,2019-12-24,2019-12-27,-1328,-37.5,7254.74,16.32,-3.98,-12.35,-33.84,26.29,-33.84
debouclage-q10,publication,2020-01-28,2020-01-31,-1533,-31.18,9352.89,-7.06,-7.06,-5.62,-48.68,21.2,-48.68
debouclage-q10,publication,2020-03-03,2020-03-06,-1582,-32.71,9131.88,-26.26,-47.44,5.36,-47.44,14.39,-47.44
debouclage-q10,publication,2020-04-07,2020-04-10,-1410,-25.88,6858.92,42.88,-3.47,35.42,-3.47,61.11,-3.47
debouclage-q10,publication,2020-06-02,2020-06-05,-2152,-24.39,9621.16,-5.85,-6.33,8.58,-6.33,93.85,-6.33
debouclage-q10,publication,2020-07-28,2020-07-31,-3244,-24.82,11335.46,1.69,-2.33,19.63,-10.66,202.17,-10.66
debouclage-q10,publication,2020-09-01,2020-09-04,-2559,-24.1,10446.25,1.19,-3.06,78.54,-3.06,366.69,-3.06
debouclage-q10,publication,2020-09-08,2020-09-11,-2310,-28.18,10387.89,6.38,-1.41,73.63,-1.41,450.85,-1.41
debouclage-q10,publication,2020-12-01,2020-12-04,-3002,-25.41,18650.52,57.27,-3.29,161.4,-3.29,97.47,-3.29
debouclage-q10,publication,2021-03-16,2021-03-19,-2652,-28.41,58030.01,5.69,-11.61,-38.27,-42.48,-18.49,-48.66
debouclage-q10,publication,2021-05-25,2021-05-28,-1672,-18.8,35663.49,-11.44,-11.44,37.59,-16.47,50.65,-16.47
debouclage-q10,publication,2021-06-15,2021-06-18,-1609,-21.37,35819.84,-12.38,-12.38,32.05,-16.83,28.79,-16.83
debouclage-q10,publication,2021-07-27,2021-07-30,-1572,-20.15,42206.37,16.26,-9.48,47.5,-9.48,-10.64,-16.9
debouclage-q10,publication,2021-08-24,2021-08-27,-1114,-14.82,49069.9,-12.76,-16.99,9.49,-16.99,-20.07,-28.53
debouclage-q10,publication,2021-10-05,2021-10-08,-1518,-17.08,53951.43,12.95,0,-22.96,-22.96,-21.69,-34.99
debouclage-q10,publication,2021-10-19,2021-10-22,-2846,-20.92,60688.22,-4.34,-6.26,-39.95,-39.95,-34.57,-42.21
debouclage-q10,publication,2021-10-26,2021-10-29,-4412,-26.47,62253.71,-13.7,-13.7,-39.41,-43.66,-38,-43.66
debouclage-q10,publication,2021-11-30,2021-12-03,-1691,-12.81,53601.05,-13.78,-13.94,-26.96,-34.57,-44.59,-46.59
debouclage-q10,publication,2022-07-05,2022-07-08,420,3.17,21594.75,7.95,-10.49,-9.56,-14.51,-21.51,-26.92
debouclage-q10,publication,2022-09-13,2022-09-16,126,0.96,19803.3,-3.16,-6.78,-16.01,-20.31,38.34,-20.31
debouclage-q10,publication,2022-10-04,2022-10-07,-32,-0.22,19530.09,8.29,-2.5,-13.21,-19.19,42.89,-19.19
debouclage-q10,publication,2022-10-18,2022-10-21,22,0.15,19164.37,-12.86,-16.91,18.28,-17.65,42.26,-17.65
debouclage-q10,publication,2023-01-10,2023-01-13,-594,-3.99,19930.01,8.51,0,52.87,0,52.09,0
debouclage-q10,publication,2023-05-30,2023-06-02,187,1.6,27242.59,11.85,-7.76,-5.28,-7.76,41.99,-7.76
debouclage-q10,publication,2023-06-27,2023-06-30,-2094,-11.12,30472,-3.8,-4.25,-11.7,-17.42,38.05,-17.42
debouclage-q10,publication,2023-09-19,2023-09-22,1597,9.58,26580.14,11.62,-1.35,65.42,-1.35,140.02,-1.35
debouclage-q10,publication,2023-10-03,2023-10-06,1056,7.31,27931.09,24.29,-4.19,58.05,-4.19,142.81,-4.19
debouclage-q10,publication,2023-10-17,2023-10-20,327,1.97,29669.04,23.41,0,40.41,0,115.1,0
debouclage-q10,publication,2023-10-31,2023-11-03,-1746,-8.91,34716.78,11.42,0,24.44,0,81.13,0
debouclage-q10,publication,2025-04-22,2025-04-25,-806,-2.86,94638.68,13.4,-0.94,24.28,-0.94,17.29,-0.94
debouclage-q10,publication,2026-05-05,2026-05-08,1441,6.16,80193.17,-23.86,-23.86,-19.04,-26.9,,
debouclage-q10,publication,2026-08-18,2026-08-21,2736,12.57,78338.03,3.25,-3.44,,,,
debouclage-q10,publication,2026-09-01,2026-09-04,703,3.57,79660.77,,,,,,
reconstruction-q10,publication,2019-09-03,2019-09-06,-1120,-24.93,10298.73,-20.99,-21.9,-26.91,-32.97,-11.33,-35.68
reconstruction-q10,publication,2019-12-03,2019-12-06,-726,-24.34,7527.47,-2.42,-12,21.31,-12,27.81,-36.23
reconstruction-q10,publication,2019-12-31,2020-01-03,-1029,-32.3,7344.96,27.34,0,-8.32,-34.65,23.33,-34.65
reconstruction-q10,publication,2020-01-07,2020-01-10,-1435,-26.57,8197.02,19.72,-2.16,-16.32,-41.44,13.31,-41.44
reconstruction-q10,publication,2020-02-11,2020-02-14,-1680,-27.51,10344.36,-46.07,-53.6,-9.94,-53.6,13.69,-53.6
reconstruction-q10,publication,2020-02-18,2020-02-21,-1408,-21.79,9677.05,-35.84,-50.4,-5.24,-50.4,19.16,-50.4
reconstruction-q10,publication,2020-03-10,2020-03-13,-1046,-23.95,5578.6,22.95,-9.85,69.67,-9.85,86.21,-9.85
reconstruction-q10,publication,2020-03-31,2020-04-03,-705,-17.86,6734.1,31.08,-1.68,34.51,-1.68,56.97,-1.68
reconstruction-q10,publication,2020-05-26,2020-05-29,-1650,-18.92,9427.07,-2.81,-2.81,22.27,-4.4,81.81,-4.4
reconstruction-q10,publication,2020-08-25,2020-08-28,-2157,-18.57,11526.91,-7.29,-12.15,48.69,-12.15,301.47,-12.15
reconstruction-q10,publication,2020-11-10,2020-11-13,-2296,-20.3,16320.7,10.51,-2.23,189.74,-2.23,205.39,-2.23
reconstruction-q10,publication,2021-02-23,2021-02-26,-2085,-19.72,46276.87,18.91,-2.47,-22.93,-25.11,6.04,-35.63
reconstruction-q10,publication,2021-03-23,2021-03-26,-2405,-24.3,55025.59,-7.09,-7.09,-42.6,-42.6,-22.2,-45.86
reconstruction-q10,publication,2021-05-18,2021-05-21,-959,-10.47,37252.01,-3.84,-10.39,32.4,-20.03,55.84,-20.03
reconstruction-q10,publication,2021-08-17,2021-08-20,-726,-9.86,49322.47,-4.1,-9.07,17.7,-17.41,-18.95,-28.89
reconstruction-q10,publication,2021-11-02,2021-11-05,-1612,-11.93,60937.12,-12.04,-12.04,-31.78,-42.45,-40.9,-42.45
reconstruction-q10,publication,2021-11-23,2021-11-26,-160,-1.11,53726.53,-5.41,-14.14,-27,-34.72,-46.71,-46.71
reconstruction-q10,publication,2021-12-07,2021-12-10,-908,-6.86,47140.54,-11.82,-11.82,-17.84,-25.6,-38.29,-39.27
reconstruction-q10,publication,2022-01-25,2022-01-28,-34,-0.29,37716.56,3.98,-2.17,2.33,-2.17,-36.97,-49.7
reconstruction-q10,publication,2022-04-26,2022-04-29,412,3.85,38596.11,-25.82,-25.82,-38.4,-50.85,-46.65,-52.17
reconstruction-q10,publication,2022-06-14,2022-06-17,1061,8.67,20468.81,1.76,-7.32,-3.25,-8.2,-18.74,-22.9
reconstruction-q10,publication,2022-08-23,2022-08-26,964,7.25,20241.05,-4.7,-8.79,-18.37,-22.03,14.55,-22.03
reconstruction-q10,publication,2022-10-11,2022-10-14,857,5.44,19176.93,-10.99,-16.97,3.93,-17.71,58.87,-17.71
reconstruction-q10,publication,2023-03-07,2023-03-10,41,0.32,20150.69,38.49,0,31.4,0,28.58,0
reconstruction-q10,publication,2023-05-16,2023-05-19,1011,7.75,26880.26,-1.99,-6.52,-3.07,-6.52,36.21,-6.52
reconstruction-q10,publication,2023-06-06,2023-06-09,769,5.9,26477.81,14.6,-5.1,-2.14,-5.1,66.82,-5.1
reconstruction-q10,publication,2023-08-22,2023-08-25,1515,8.78,26060.01,2,-3.44,44.72,-3.44,94.72,-3.44
reconstruction-q10,publication,2023-09-05,2023-09-08,2039,13.63,25910.5,7.8,-2.89,70.48,-2.89,162.92,-2.89
reconstruction-q10,publication,2024-08-06,2024-08-09,538,1.95,60837.99,-11.3,-11.3,25.76,-11.3,58.63,-11.3
reconstruction-q10,publication,2025-01-07,2025-01-10,1190,3.39,94726.11,1.88,-0.2,-11.93,-19.43,24.07,-19.43
reconstruction-q10,publication,2026-07-28,2026-07-31,3904,19.5,62887.88,23.79,-0.1,,,,
reconstruction-q10,publication,2026-09-15,2026-09-18,2468,11.88,80883.87,,,,,,
debouclage-q5,arrete,2019-04-23,2019-04-23,-1063,-24.65,5493.31,43.9,-4.98,79.58,-4.98,46,-4.98
debouclage-q5,arrete,2019-12-24,2019-12-24,-1328,-37.5,7255.77,20.4,-4,-7.04,-33.85,32.65,-33.85
debouclage-q5,arrete,2020-03-03,2020-03-03,-1582,-32.71,8760.07,-26.82,-45.21,8.65,-45.21,36.09,-45.21
debouclage-q5,arrete,2020-04-07,2020-04-07,-1410,-25.88,7197.32,25.35,-8,28.62,-8,47.27,-8
debouclage-q5,arrete,2021-03-16,2021-03-16,-2652,-28.41,56900.75,11.73,-9.85,-29.45,-41.34,-17.2,-47.65
debouclage-q5,arrete,2021-05-25,2021-05-25,-1672,-18.8,38324.72,-15.17,-17.52,24.39,-22.27,50.14,-22.27
debouclage-q5,arrete,2021-10-19,2021-10-19,-2846,-20.92,64280.59,-6.57,-9.13,-34.11,-35.34,-35.45,-45.44
debouclage-q5,arrete,2021-11-30,2021-11-30,-1691,-12.81,56950.56,-16.52,-19,-22,-38.42,-44.16,-49.73
debouclage-q5,arrete,2022-09-13,2022-09-13,126,0.96,20173.57,-5.52,-8.49,-11.89,-21.77,22.29,-21.77
debouclage-q5,arrete,2022-10-04,2022-10-04,-32,-0.22,20337.82,0.72,-6.37,-18.01,-22.4,38.49,-22.4
debouclage-q5,arrete,2023-01-10,2023-01-10,-594,-3.99,17440.66,33.25,0,73.16,0,75.58,0
debouclage-q5,arrete,2023-06-27,2023-06-27,-2094,-11.12,30692.44,-4.77,-4.94,-14.57,-18.02,38.5,-18.02
debouclage-q5,arrete,2023-10-31,2023-10-31,-1746,-8.91,34639.77,9.18,0,23.96,0,75.15,0
debouclage-q5,arrete,2026-08-18,2026-08-18,2736,12.57,64725.42,16.87,0,,,,
reconstruction-q5,arrete,2019-12-31,2019-12-31,-1029,-32.3,7195.23,30.28,-3.19,-10.91,-33.29,27.01,-33.29
reconstruction-q5,arrete,2020-01-07,2020-01-07,-1435,-26.57,8145.28,12.91,-4.02,-11.64,-41.07,13.65,-41.07
reconstruction-q5,arrete,2020-02-11,2020-02-11,-1680,-27.51,10223.08,-22.78,-22.78,-13.81,-53.05,11.43,-53.05
reconstruction-q5,arrete,2020-02-18,2020-02-18,-1408,-21.79,10164.71,-47.73,-52.78,-3.83,-52.78,17.51,-52.78
reconstruction-q5,arrete,2020-03-10,2020-03-10,-1046,-23.95,7894.56,-8.83,-39.2,23.79,-39.2,28.27,-39.2
reconstruction-q5,arrete,2020-08-25,2020-08-25,-2157,-18.57,11318.42,-6.97,-10.53,69.28,-10.53,331.96,-10.53
reconstruction-q5,arrete,2020-11-10,2020-11-10,-2296,-20.3,15297.21,19.79,0,203.46,0,270.46,0
reconstruction-q5,arrete,2021-05-18,2021-05-18,-959,-10.47,42849.78,-6.31,-22.1,4.31,-30.48,40.16,-30.48
reconstruction-q5,arrete,2021-08-17,2021-08-17,-726,-9.86,44695.95,5.4,0,34.37,-8.86,-0.34,-21.53
reconstruction-q5,arrete,2021-11-02,2021-11-02,-1612,-11.93,63219.99,-9.92,-15.02,-38.79,-44.52,-40.32,-44.52
reconstruction-q5,arrete,2021-11-23,2021-11-23,-160,-1.11,57541.27,-15.04,-19.83,-33.56,-39.05,-48.46,-50.1
reconstruction-q5,arrete,2021-12-07,2021-12-07,-908,-6.86,50588.95,-9.4,-9.4,-23.44,-30.67,-38.47,-43.41
reconstruction-q5,arrete,2022-08-23,2022-08-23,964,7.25,21529.12,-12.33,-12.72,-24.63,-26.7,13.58,-26.7
reconstruction-q5,arrete,2023-08-22,2023-08-22,1515,8.78,26056,4.43,-3.43,37.17,-3.43,100.56,-3.43
debouclage-q10,arrete,2019-04-23,2019-04-23,-1063,-24.65,5493.31,43.9,-4.98,79.58,-4.98,46,-4.98
debouclage-q10,arrete,2019-12-17,2019-12-17,-1176,-30.62,6623.82,33,0,-19.79,-27.53,43.81,-27.53
debouclage-q10,arrete,2019-12-24,2019-12-24,-1328,-37.5,7255.77,20.4,-4,-7.04,-33.85,32.65,-33.85
debouclage-q10,arrete,2020-01-28,2020-01-28,-1533,-31.18,9374.21,-0.62,-1.89,-17.44,-48.8,16.34,-48.8
debouclage-q10,arrete,2020-03-03,2020-03-03,-1582,-32.71,8760.07,-26.82,-45.21,8.65,-45.21,36.09,-45.21
debouclage-q10,arrete,2020-04-07,2020-04-07,-1410,-25.88,7197.32,25.35,-8,28.62,-8,47.27,-8
debouclage-q10,arrete,2020-06-02,2020-06-02,-2152,-24.39,9518.04,-3.99,-5.32,25.26,-5.32,97.15,-5.32
debouclage-q10,arrete,2020-07-28,2020-07-28,-3244,-24.82,10906.27,3.78,0,25.03,-7.15,197.7,-7.15
debouclage-q10,arrete,2020-09-01,2020-09-01,-2559,-24.1,11921.97,-9.07,-15.06,57.4,-15.06,306.31,-15.06
debouclage-q10,arrete,2020-09-08,2020-09-08,-2310,-28.18,10126.65,4.67,0,80.95,0,441.98,0
debouclage-q10,arrete,2020-12-01,2020-12-01,-3002,-25.41,18764.96,45.94,-3.88,158.14,-3.88,95.54,-3.88
debouclage-q10,arrete,2021-03-16,2021-03-16,-2652,-28.41,56900.75,11.73,-9.85,-29.45,-41.34,-17.2,-47.65
debouclage-q10,arrete,2021-05-25,2021-05-25,-1672,-18.8,38324.72,-15.17,-17.52,24.39,-22.27,50.14,-22.27
debouclage-q10,arrete,2021-06-15,2021-06-15,-1609,-21.37,40144.04,-18.47,-21.32,17.36,-25.79,20.42,-25.79
debouclage-q10,arrete,2021-07-27,2021-07-27,-1572,-20.15,39457.87,20.82,-3.17,52.89,-3.17,-6.33,-11.12
debouclage-q10,arrete,2021-08-24,2021-08-24,-1114,-14.82,47674.01,-14.56,-14.56,20.7,-14.56,-19.81,-26.43
debouclage-q10,arrete,2021-10-05,2021-10-05,-1518,-17.08,51471.99,22.82,0,-10.96,-10.96,-11.61,-31.86
debouclage-q10,arrete,2021-10-19,2021-10-19,-2846,-20.92,64280.59,-6.57,-9.13,-34.11,-35.34,-35.45,-45.44
debouclage-q10,arrete,2021-10-26,2021-10-26,-4412,-26.47,60328.81,-4.62,-6.77,-38.74,-41.87,-36.83,-41.87
debouclage-q10,arrete,2021-11-30,2021-11-30,-1691,-12.81,56950.56,-16.52,-19,-22,-38.42,-44.16,-49.73
debouclage-q10,arrete,2022-07-05,2022-07-05,420,3.17,20175.83,13.94,-4.2,0.8,-8.5,-17.35,-21.78
debouclage-q10,arrete,2022-09-13,2022-09-13,126,0.96,20173.57,-5.52,-8.49,-11.89,-21.77,22.29,-21.77
debouclage-q10,arrete,2022-10-04,2022-10-04,-32,-0.22,20337.82,0.72,-6.37,-18.01,-22.4,38.49,-22.4
debouclage-q10,arrete,2022-10-18,2022-10-18,22,0.15,19327.44,-12.56,-17.62,9.35,-18.35,57.19,-18.35
debouclage-q10,arrete,2023-01-10,2023-01-10,-594,-3.99,17440.66,33.25,0,73.16,0,75.58,0
debouclage-q10,arrete,2023-05-30,2023-05-30,187,1.6,27694.4,10.83,-9.26,0.08,-9.26,36.56,-9.26
debouclage-q10,arrete,2023-06-27,2023-06-27,-2094,-11.12,30692.44,-4.77,-4.94,-14.57,-18.02,38.5,-18.02
debouclage-q10,arrete,2023-09-19,2023-09-19,1597,9.58,27210.26,4.36,-3.63,55.37,-3.63,127.63,-3.63
debouclage-q10,arrete,2023-10-03,2023-10-03,1056,7.31,27426.46,26.3,-2.43,63.88,-2.43,138.69,-2.43
debouclage-q10,arrete,2023-10-17,2023-10-17,327,1.97,28395.91,25.2,-0.27,51.92,-0.27,124.66,-0.27
debouclage-q10,arrete,2023-10-31,2023-10-31,-1746,-8.91,34639.77,9.18,0,23.96,0,75.15,0
debouclage-q10,arrete,2025-04-22,2025-04-22,-806,-2.86,93442.99,14.35,0,28.37,0,15.9,0
debouclage-q10,arrete,2026-05-05,2026-05-05,1441,6.16,80905.52,-17.48,-17.48,-20.76,-27.54,,
debouclage-q10,arrete,2026-08-18,2026-08-18,2736,12.57,64725.42,16.87,0,,,,
debouclage-q10,arrete,2026-09-01,2026-09-01,703,3.57,77439,,,,,,
reconstruction-q10,arrete,2019-09-03,2019-09-03,-1120,-24.93,10615.28,-21.88,-24.22,-31.3,-34.97,-17.48,-37.6
reconstruction-q10,arrete,2019-12-03,2019-12-03,-726,-24.34,7292.71,-1.34,-9.17,20.12,-9.17,30.51,-34.18
reconstruction-q10,arrete,2019-12-31,2019-12-31,-1029,-32.3,7195.23,30.28,-3.19,-10.91,-33.29,27.01,-33.29
reconstruction-q10,arrete,2020-01-07,2020-01-07,-1435,-26.57,8145.28,12.91,-4.02,-11.64,-41.07,13.65,-41.07
reconstruction-q10,arrete,2020-02-11,2020-02-11,-1680,-27.51,10223.08,-22.78,-22.78,-13.81,-53.05,11.43,-53.05
reconstruction-q10,arrete,2020-02-18,2020-02-18,-1408,-21.79,10164.71,-47.73,-52.78,-3.83,-52.78,17.51,-52.78
reconstruction-q10,arrete,2020-03-10,2020-03-10,-1046,-23.95,7894.56,-8.83,-39.2,23.79,-39.2,28.27,-39.2
reconstruction-q10,arrete,2020-03-31,2020-03-31,-705,-17.86,6410.44,20.72,0,42.56,0,69.11,0
reconstruction-q10,arrete,2020-05-26,2020-05-26,-1650,-18.92,8841.18,8.86,0,28.02,0,116.71,0
reconstruction-q10,arrete,2020-08-25,2020-08-25,-2157,-18.57,11318.42,-6.97,-10.53,69.28,-10.53,331.96,-10.53
reconstruction-q10,arrete,2020-11-10,2020-11-10,-2296,-20.3,15297.21,19.79,0,203.46,0,270.46,0
reconstruction-q10,arrete,2021-02-23,2021-02-23,-2085,-19.72,48891,11.15,-7.68,-21.61,-29.12,-2.49,-39.07
reconstruction-q10,arrete,2021-03-23,2021-03-23,-2405,-24.3,54340.89,3.84,-5.61,-40.17,-41.83,-25.04,-45.18
reconstruction-q10,arrete,2021-05-18,2021-05-18,-959,-10.47,42849.78,-6.31,-22.1,4.31,-30.48,40.16,-30.48
reconstruction-q10,arrete,2021-08-17,2021-08-17,-726,-9.86,44695.95,5.4,0,34.37,-8.86,-0.34,-21.53
reconstruction-q10,arrete,2021-11-02,2021-11-02,-1612,-11.93,63219.99,-9.92,-15.02,-38.79,-44.52,-40.32,-44.52
reconstruction-q10,arrete,2021-11-23,2021-11-23,-160,-1.11,57541.27,-15.04,-19.83,-33.56,-39.05,-48.46,-50.1
reconstruction-q10,arrete,2021-12-07,2021-12-07,-908,-6.86,50588.95,-9.4,-9.4,-23.44,-30.67,-38.47,-43.41
reconstruction-q10,arrete,2022-01-25,2022-01-25,-34,-0.29,36958.32,3.44,-0.4,3.12,-0.4,-42.49,-48.67
reconstruction-q10,arrete,2022-04-26,2022-04-26,412,3.85,38112.65,-22.19,-24.66,-44.23,-50.22,-47.31,-51.56
reconstruction-q10,arrete,2022-06-14,2022-06-14,1061,8.67,22136.41,-12.68,-14.3,-8.87,-15.11,-19.7,-28.71
reconstruction-q10,arrete,2022-08-23,2022-08-23,964,7.25,21529.12,-12.33,-12.72,-24.63,-26.7,13.58,-26.7
reconstruction-q10,arrete,2022-10-11,2022-10-11,857,5.44,19060,-2.69,-2.69,-8.5,-17.2,58.45,-17.2
reconstruction-q10,arrete,2023-03-07,2023-03-07,41,0.32,22197.96,26.88,-9.22,22.67,-9.22,16.19,-9.22
reconstruction-q10,arrete,2023-05-16,2023-05-16,1011,7.75,27033.84,-4.07,-4.83,8.01,-7.05,31.51,-7.05
reconstruction-q10,arrete,2023-06-06,2023-06-06,769,5.9,27230.08,12.99,-7.72,-5.28,-7.72,61.86,-7.72
reconstruction-q10,arrete,2023-08-22,2023-08-22,1515,8.78,26056,4.43,-3.43,37.17,-3.43,100.56,-3.43
reconstruction-q10,arrete,2023-09-05,2023-09-05,2039,13.63,25792.1,6.34,-2.44,70.88,-2.44,147.07,-2.44
reconstruction-q10,arrete,2024-08-06,2024-08-06,538,1.95,56022.01,2.62,-1.58,23.83,-3.68,74.51,-3.68
reconstruction-q10,arrete,2025-01-07,2025-01-07,1190,3.39,96954.61,0.83,-4.54,-21.28,-21.28,12.34,-21.28
reconstruction-q10,arrete,2026-07-28,2026-07-28,3904,19.5,63915,22.88,-1.71,,,,
reconstruction-q10,arrete,2026-09-15,2026-09-15,2468,11.88,75644.48,,,,,,
