as_of,calc_prime_ann_pct,calc_seances,us03m,us10y,calc_exces_3m_pt,calc_exces_10y_pt,calc_nc_short_pct_oi
2018-04-10,0,5,1.7311,2.8032,-1.7311,-2.8032,77.262
2018-04-17,0,5,1.7925,2.8317,-1.7925,-2.8317,81.0744
2018-04-24,0,5,1.8832,3.0005,-1.8832,-3.0005,84.7899
2018-05-01,1.4484,5,1.8488,2.9667,-0.4004,-1.5183,81.9186
2018-05-08,2.1569,5,1.8795,2.9783,0.2774,-0.8214,83.501
2018-05-15,2.9779,5,1.9153,3.0751,1.0626,-0.0972,81.9162
2018-05-22,2.5343,5,1.9358,3.0601,0.5985,-0.5258,83.0104
2018-05-29,3.4305,5,1.8737,2.7814,1.5568,0.6491,83.014
2018-06-05,3.4555,5,1.946,2.9287,1.5095,0.5268,85.2504
2018-06-12,3.4058,5,1.9358,2.9631,1.47,0.4427,82.5577
2018-06-19,3.871,5,1.9409,2.899,1.9301,0.972,78.3517
2018-06-26,3.1717,5,1.93,2.8798,1.2417,0.2919,79.3078
2018-07-03,1.5849,5,1.9728,2.8323,-0.3879,-1.2474,83.0947
2018-07-10,1.5849,5,1.9819,2.8532,-0.397,-1.2683,81.5789
2018-07-17,0.8237,5,2.0177,2.8623,-1.194,-2.0386,81.78
2018-07-24,1.4208,5,1.9998,2.9513,-0.579,-1.5305,81.3757
2018-07-31,1.9077,5,2.0177,2.9626,-0.11,-1.0549,79.4319
2018-08-07,-0.8639,5,2.0561,2.9749,-2.92,-3.8388,72.5476
2018-08-14,0,5,2.0766,2.9013,-2.0766,-2.9013,81.294
2018-08-21,0,5,2.0767,2.832,-2.0767,-2.832,82.3214
2018-08-28,-2.0352,5,2.1253,2.8831,-4.1605,-4.9183,82.8873
2018-09-04,0.8868,5,2.1142,2.9008,-1.2274,-2.014,80.6797
2018-09-11,0,5,2.1483,2.9792,-2.1483,-2.9792,77.6466
2018-09-18,0,5,2.1714,3.0584,-2.1714,-3.0584,74.2888
2018-09-25,-0.967,5,2.2175,3.0987,-3.1845,-4.0657,71.0852
2018-10-02,-0.7973,5,2.2201,3.0664,-3.0174,-3.8637,81.4783
2018-10-09,0,5,2.2371,3.2068,-2.2371,-3.2068,80.3722
2018-10-16,-0.8431,5,2.3098,3.1652,-3.1529,-4.0083,80.2198
2018-10-23,-0.8154,5,2.3355,3.1699,-3.1509,-3.9853,66.5445
2018-10-30,0,5,2.3509,3.1255,-2.3509,-3.1255,77.9525
2018-11-06,-1.02,5,2.356,3.2299,-3.376,-4.2499,84.3804
2018-11-13,-1.0305,5,2.3447,3.1424,-3.3752,-4.1729,86.5439
2018-11-20,-4.8058,5,2.4022,3.0655,-7.208,-7.8713,69.0802
2018-11-27,-4.6117,5,2.3996,3.0599,-7.0113,-7.6716,72.5402
2018-12-04,-3.0422,5,2.4174,2.9163,-5.4596,-5.9585,83.3687
2018-12-11,-3.9264,5,2.4278,2.8803,-6.3542,-6.8067,83.9043
2018-12-18,-2.0273,5,2.397,2.8192,-4.4243,-4.8465,86.2354
2018-12-24,-3.2029,5,2.3908,2.7481,-5.5937,-5.951,83.8994
2018-12-31,-8.421,5,2.3809,2.68600011,-10.8019,-11.107,80.3668
2019-01-08,-5.1054,5,2.4612,2.72979999,-7.5666,-7.8352,85.4676
2019-01-15,-3.2671,5,2.45090008,2.71479988,-5.718,-5.9819,82.6291
2019-01-22,-5.4926,5,2.40109992,2.74090004,-7.8937,-8.2335,73.2516
2019-01-29,-3.7192,5,2.42269993,2.71160007,-6.1419,-6.4308,79.145
2019-02-05,-3.0717,5,2.42009997,2.70009995,-5.4918,-5.7718,77.2481
2019-02-12,-2.8928,5,2.4381001,2.68950009,-5.3309,-5.5823,78.072
2019-02-19,-2.9253,5,2.42670012,2.63569999,-5.352,-5.561,77.2452
2019-02-26,0,5,2.45860004,2.63750005,-2.4586,-2.6375,80.8063
2019-03-05,-1.6996,5,2.45860004,2.71869993,-4.1582,-4.4183,77.1544
2019-03-12,0,5,2.45350003,2.60330009,-2.4535,-2.6033,76.523
2019-03-19,-1.6315,5,2.46370006,2.61400008,-4.0952,-4.2455,76.9628
2019-03-26,0,5,2.4612,2.42479992,-2.4612,-2.4248,67.853
2019-04-02,0,5,2.43050003,2.47589993,-2.4305,-2.4759,76.4
2019-04-09,-1.0387,5,2.42269993,2.50239992,-3.4614,-3.5411,79.7884
2019-04-16,0,5,2.43300009,2.59220004,-2.433,-2.5922,84.9445
2019-04-23,0,5,2.44580007,2.56680012,-2.4458,-2.5668,88.894
2019-04-30,0,5,2.42529988,2.50359988,-2.4253,-2.5036,90.8043
2019-05-07,-1.1345,5,2.42779994,2.45840001,-3.5623,-3.5929,90.8159
2019-05-14,-1.024,5,2.4073,2.41210008,-3.4313,-3.4361,84.3265
2019-05-21,0.7924,5,2.38680005,2.42810011,-1.5944,-1.6357,82.2796
2019-05-28,1.6691,5,2.34980011,2.26749992,-0.6807,-0.5984,85.106
2019-06-04,1.7096,5,2.35730004,2.13140011,-0.6477,-0.4218,84.8287
2019-06-11,0.823,5,2.26620007,2.14479995,-1.4432,-1.3218,83.3108
2019-06-18,1.5907,5,2.2262001,2.06130004,-0.6355,-0.4706,82.1925
2019-06-25,7.8371,5,2.13619995,1.98670006,5.7009,5.8504,85.1354
2019-07-02,7.0495,5,2.20300007,1.97570002,4.8465,5.0738,89.1591
2019-07-09,10.0557,5,2.25340009,2.06660008,7.8023,7.9891,90.0741
2019-07-16,7.5569,5,2.15680003,2.10430002,5.4001,5.4526,87.8617
2019-07-23,14.4564,5,2.10540009,2.08290005,12.351,12.3735,86.3231
2019-07-30,8.0056,5,2.09509993,2.05970001,5.9105,5.9459,85.7508
2019-08-06,12.9127,5,2.04329991,1.704,10.8694,11.2087,86.2745
2019-08-13,15.824,5,2.00530005,1.7069,13.8187,14.1171,86.1493
2019-08-20,12.8304,5,1.95140004,1.55719995,10.879,11.2732,84.8829
2019-08-27,12.2431,5,1.99769998,1.47440004,10.2454,10.7687,84.8203
2019-09-03,8.1729,5,1.96360004,1.45899999,6.2093,6.7139,86.2453
2019-09-10,10.0565,5,1.96159995,1.73329997,8.0949,8.3232,82.3159
2019-09-17,10.9436,5,1.98469996,1.80480003,8.9589,9.1388,85.5774
2019-09-24,12.1352,5,1.93079996,1.6473,10.2044,10.4879,79.4878
2019-10-01,5.6371,5,1.82060003,1.63870001,3.8165,3.9984,79.6296
2019-10-08,5.7511,5,1.74609995,1.53059995,4.005,4.2205,81.3193
2019-10-15,7.4891,5,1.67379999,1.77450001,5.8153,5.7146,78.1359
2019-10-22,5.7195,5,1.65900004,1.76419997,4.0605,3.9553,73.1652
2019-10-29,8.3764,5,1.63909996,1.84200001,6.7373,6.5344,80.729
2019-11-05,11.5843,5,1.55649996,1.86020005,10.0278,9.7241,83.8352
2019-11-12,9.5797,5,1.57140005,1.93640006,8.0083,7.6433,82.3035
2019-11-19,8.7381,5,1.56669998,1.78429997,7.1714,6.9538,80.4561
2019-11-26,6.0191,5,1.60080004,1.74310005,4.4183,4.276,72.96
2019-12-03,9.2351,5,1.57949996,1.71739995,7.6556,7.5177,72.1086
2019-12-10,8.3876,5,1.56930006,1.84329998,6.8183,6.5443,75.7116
2019-12-17,4.3064,5,1.57190001,1.88189995,2.7345,2.4245,83.8802
2019-12-24,3.654,5,1.57690001,1.90310001,2.0771,1.7509,86.2186
2019-12-31,6.4286,5,1.55639994,1.91919994,4.8722,4.5094,85.6246
2020-01-07,5.5103,5,1.54620004,1.82120001,3.9641,3.6891,89.2593
2020-01-14,8.2661,5,1.56930006,1.81260002,6.6968,6.4535,87.4746
2020-01-21,10.2241,5,1.54069996,1.77600002,8.6834,8.4481,85.4252
2020-01-28,9.3446,5,1.57190001,1.65799999,7.7727,7.6866,84.5231
2020-02-04,13.1186,5,1.57439995,1.60080004,11.5442,11.5178,86.7415
2020-02-11,17.8753,5,1.577,1.601,16.2983,16.2743,86.5378
2020-02-18,22.551,5,1.577,1.563,20.974,20.988,89.3393
2020-02-25,19.6586,5,1.536,1.354,18.1226,18.3046,87.2869
2020-03-03,13.2044,5,0.953,1.002,12.2514,12.2024,78.7472
2020-03-10,10.6327,5,0.469,0.811,10.1637,9.8217,78.5256
2020-03-17,7.269,5,0.205,1.083,7.064,6.186,86.6339
2020-03-24,3.8768,5,0.028,0.851,3.8488,3.0258,80.2763
2020-03-31,4.0864,5,0.139,0.673,3.9474,3.4134,83.6838
2020-04-07,6.9013,5,0.175,0.714,6.7263,6.1873,87.9222
2020-04-14,7.8197,5,0.195,0.754,7.6247,7.0657,88.0282
2020-04-21,2.9356,5,0.109,0.572,2.8266,2.3636,87.5
2020-04-28,2.0596,5,0.106,0.616,1.9536,1.4436,85.5506
2020-05-05,4.3768,5,0.122,0.665,4.2548,3.7118,86.4723
2020-05-12,7.4109,5,0.134,0.667,7.2769,6.7439,89.9185
2020-05-19,11.3703,5,0.129,0.69,11.2413,10.6803,91.2484
2020-05-26,11.3663,5,0.132,0.698,11.2343,10.6683,88.0991
2020-06-02,5.4034,5,0.152,0.687,5.2514,4.7164,91.4098
2020-06-09,5.7966,5,0.172,0.827,5.6246,4.9696,91.5839
2020-06-16,7.1129,5,0.172,0.753,6.9409,6.3599,90.4599
2020-06-23,8.1601,5,0.152,0.715,8.0081,7.4451,90.4287
2020-06-30,7.2576,5,0.147,0.658,7.1106,6.5996,90.1889
2020-07-07,7.8058,5,0.15,0.643,7.6558,7.1628,91.9167
2020-07-14,8.4011,5,0.145,0.625,8.2561,7.7761,91.7207
2020-07-21,8.5108,5,0.124,0.605,8.3868,7.9058,92.351
2020-07-28,10.1683,5,0.109,0.581,10.0593,9.5873,92.2329
2020-08-04,10.1052,5,0.099,0.51,10.0062,9.5952,94.2455
2020-08-11,10.8495,5,0.114,0.642,10.7355,10.2075,88.136
2020-08-18,12.9345,5,0.106,0.67,12.8285,12.2645,84.2812
2020-08-25,17.5344,5,0.101,0.687,17.4334,16.8474,78.1231
2020-09-01,8.4065,5,0.106,0.671,8.3005,7.7355,87.9627
2020-09-08,8.3468,5,0.117,0.68,8.2298,7.6668,84.8134
2020-09-15,8.0685,5,0.109,0.682,7.9595,7.3865,85.2819
2020-09-22,7.5741,5,0.099,0.676,7.4751,6.8981,77.7831
2020-09-29,5.7803,5,0.095999,0.651,5.6843,5.1293,84.2436
2020-10-06,8.4726,5,0.098999,0.739,8.3736,7.7336,87.8046
2020-10-13,9.5195,5,0.098998,0.729,9.4205,8.7905,88.8164
2020-10-20,9.5562,5,0.101,0.786,9.4552,8.7702,91.6942
2020-10-27,13.4904,5,0.095999,0.771,13.3944,12.7194,93.7465
2020-11-03,10.44,5,0.095998,0.899,10.344,9.541,94.2366
2020-11-10,11.9594,5,0.096002,0.96,11.8634,10.9994,91.5304
2020-11-17,10.0336,5,0.086,0.859,9.9476,9.1746,90.59
2020-11-24,10.4459,5,0.086001,0.882,10.3599,9.5639,87.0379
2020-12-01,9.7558,5,0.086,0.929,9.6698,8.8268,87.9529
2020-12-08,8.0326,5,0.078999,0.921,7.9536,7.1116,85.9745
2020-12-15,10.1908,5,0.075998,0.911,10.1148,9.2798,82.3219
2020-12-21,17.3353,5,0.088998,0.935,17.2463,16.4003,87.2649
2020-12-29,14.1849,5,0.095998,0.938,14.0889,13.2469,87.121
2021-01-05,15.202,5,0.084,0.958,15.118,14.244,87.8541
2021-01-12,16.0585,5,0.086,1.131,15.9725,14.9275,88.3711
2021-01-19,16.0585,5,0.080998,1.09,15.9775,14.9685,88.1959
2021-01-26,15.0082,5,0.078999,1.036,14.9292,13.9722,84.3145
2021-02-02,11.7278,5,0.058,1.098,11.6698,10.6298,84.6552
2021-02-09,15.2595,5,0.040999,1.162,15.2185,14.0975,82.9579
2021-02-16,18.3775,5,0.043001,1.317,18.3345,17.0605,83.7126
2021-02-23,20.6718,5,0.033,1.343,20.6388,19.3288,81.7631
2021-03-02,15.1685,5,0.040999,1.395,15.1275,13.7735,78.3094
2021-03-09,11.3395,5,0.040999,1.528,11.2985,9.8115,78.0535
2021-03-16,13.15,5,0.0203,1.6197,13.1297,11.5303,79.7965
2021-03-23,12.4528,5,0.0076,1.6241,12.4452,10.8287,80.287
2021-03-30,10.8612,5,0.0253,1.71,10.8359,9.1512,84.6492
2021-04-06,11.8739,5,0.0253,1.6578,11.8486,10.2161,83.4263
2021-04-13,8.742,5,0.0203,1.6163,8.7217,7.1257,85.4967
2021-04-20,9.495,5,0.0203,1.5607,9.4747,7.9343,84.1443
2021-04-27,5.1276,5,0.0203,1.6216,5.1073,3.506,75.2165
2021-05-04,6.2707,5,0.0203,1.5924,6.2504,4.6783,81.0017
2021-05-11,5.4993,5,0.0127,1.6217,5.4866,3.8776,79.9249
2021-05-18,2.9869,5,0.0152,1.6386,2.9717,1.3483,78.9738
2021-05-25,1.3968,5,0.015001,1.56,1.3818,-0.1632,75.2952
2021-06-01,2.911,5,0.015,1.608,2.896,1.303,79.4069
2021-06-08,2.3987,5,0.025,1.536,2.3737,0.8627,79.1039
2021-06-15,2.4369,5,0.028,1.494,2.4089,0.9429,78.7593
2021-06-22,1.3844,5,0.042999,1.465,1.3414,-0.0806,76.1941
2021-06-29,2.3259,5,0.050999,1.471,2.2749,0.8549,75.7661
2021-07-06,2.3259,5,0.050999,1.35,2.2749,0.9759,76.7746
2021-07-13,2.1431,5,0.050999,1.42,2.0921,0.7231,79.1556
2021-07-20,1.3161,5,0.050999,1.223,1.2651,0.0931,79.633
2021-07-27,0,5,0.053,1.244,-0.053,-1.244,68.1236
2021-08-03,1.3114,5,0.053,1.176,1.2584,0.1354,80.4775
2021-08-10,1.274,5,0.055998,1.352,1.218,-0.078,80.8391
2021-08-17,1.6818,5,0.071001,1.267,1.6108,0.4148,75.1053
2021-08-24,1.3957,5,0.058,1.297,1.3377,0.0987,74.5975
2021-08-31,2.0177,5,0.045999,1.312,1.9717,0.7057,81.0751
2021-09-07,0.6602,5,0.043001,1.377,0.6172,-0.7168,79.0509
2021-09-14,2.0943,5,0.042999,1.284,2.0513,0.8103,76.3293
2021-09-21,2.7449,5,0.028,1.324,2.7169,1.4209,73.503
2021-09-28,2.1147,5,0.040999,1.541,2.0737,0.5737,77.028
2021-10-05,3.7872,5,0.040999,1.529,3.7463,2.2582,79.8897
2021-10-12,9.6858,5,0.050999,1.579,9.6348,8.1068,75.7465
2021-10-19,10.752,5,0.058,1.641,10.694,9.111,72.8776
2021-10-26,13.5085,5,0.058,1.61,13.4505,11.8985,69.18
2021-11-02,8.1242,5,0.053,1.551,8.0712,6.5732,78.9964
2021-11-09,9.2545,5,0.047999,1.439,9.2065,7.8155,77.5993
2021-11-16,9.0752,5,0.045999,1.637,9.0292,7.4382,74.2013
2021-11-23,9.9139,5,0.053,1.669,9.8609,8.2449,64.1778
2021-11-30,8.5732,5,0.056,1.449,8.5172,7.1242,84.9966
2021-12-07,8.4359,5,0.066001,1.477,8.3699,6.9589,79.2025
2021-12-14,5.5953,5,0.056,1.446,5.5393,4.1493,78.1698
2021-12-21,5.0734,5,0.071001,1.465,5.0024,3.6084,73.7006
2021-12-28,4.9171,5,0.061,1.484,4.8561,3.4331,74.3584
2022-01-04,5.7711,5,0.089001,1.651,5.6821,4.1201,79.2483
2022-01-11,4.1113,5,0.127001,1.739,3.9843,2.3723,77.4021
2022-01-18,3.7181,5,0.137,1.875,3.5811,1.8431,78.1828
2022-01-25,2.1014,5,0.195002,1.771,1.9064,0.3304,74.1068
2022-02-01,3.277,5,0.210002,1.791,3.067,1.486,78.84
2022-02-08,2.6522,5,0.283999,1.965,2.3682,0.6872,81.6306
2022-02-15,1.6914,5,0.419002,2.04690003,1.2724,-0.3555,80.0488
2022-02-22,1.4685,5,0.363001,1.941,1.1055,-0.4725,79.8038
2022-03-01,1.9996,5,0.335,1.719,1.6646,0.2806,79.1683
2022-03-08,2.0181,5,0.369998,1.851,1.6481,0.1671,78.1462
2022-03-15,1.1195,5,0.475001,2.149,0.6445,-1.0295,76.4758
2022-03-22,0.8671,5,0.541,2.384,0.3261,-1.5169,74.7295
2022-03-29,3.9701,5,0.570998,2.4,3.3991,1.5701,83.1088
2022-04-05,3.6772,5,0.683002,2.551,2.9942,1.1262,79.6114
2022-04-12,1.9533,5,0.754001,2.727,1.1993,-0.7737,75.6208
2022-04-19,0.4977,5,0.858999,2.94,-0.3613,-2.4423,75
2022-04-26,1.1062,5,0.843001,2.726,0.2632,-1.6198,75.7961
2022-05-03,3.2347,5,0.932002,2.975,2.3027,0.2597,76.9376
2022-05-10,1.8753,5,0.906999,2.993,0.9683,-1.1177,74.5872
2022-05-17,1.1163,5,1.075001,2.995,0.0413,-1.8787,75.2147
2022-05-24,0.4353,5,1.067,2.754,-0.6317,-2.3187,75.6586
2022-05-31,2.8007,5,1.070001,2.848,1.7307,-0.0473,75.9358
2022-06-07,2.3514,5,1.254001,2.981,1.0974,-0.6296,77.061
2022-06-14,1.5794,5,1.803001,3.475,-0.2236,-1.8956,72.9864
2022-06-21,1.6879,5,1.565002,3.281,0.1229,-1.5931,69.8013
2022-06-28,3.4345,5,1.785002,3.175,1.6495,0.2595,73.3348
2022-07-05,1.9374,5,1.725,2.809,0.2124,-0.8716,77.1006
2022-07-12,1.9288,5,2.191999,2.971,-0.2632,-1.0422,77.7194
2022-07-19,0,5,2.505001,3.03,-2.505,-3.03,78.659
2022-07-26,0.3116,5,2.530001,2.809,-2.2184,-2.4974,66.1831
2022-08-02,2.717,5,2.523001,2.75,0.194,-0.033,80.3253
2022-08-09,2.0351,5,2.638002,2.783,-0.6029,-0.7479,76.1311
2022-08-16,1.7209,5,2.672001,2.806,-0.9511,-1.0851,75.481
2022-08-23,1.228,5,2.764,3.05,-1.536,-1.822,73.7784
2022-08-30,1.6484,5,2.940998,3.106,-1.2926,-1.4576,72.5831
2022-09-06,1.6484,5,2.952999,3.351,-1.3046,-1.7026,74.467
2022-09-13,0.5805,5,3.25,3.41,-2.6695,-2.8295,77.4849
2022-09-20,0,5,3.325001,3.565,-3.325,-3.565,76.2248
2022-09-27,-3.0402,5,3.342998,3.947,-6.3832,-6.9872,76.2245
2022-10-04,-0.6676,5,3.389001,3.627,-4.0566,-4.2946,80.9065
2022-10-11,0,5,3.447002,3.951,-3.447,-3.951,75.1904
2022-10-18,-1.7054,5,3.930999,4.011,-5.6364,-5.7164,75.1195
2022-10-25,-2.0221,5,4.060999,4.106,-6.0831,-6.1281,74.4648
2022-11-01,0.3152,5,4.151001,4.046,-3.8358,-3.7308,77.3126
2022-11-08,-0.5146,5,4.200002,4.13,-4.7146,-4.6446,78.1564
2022-11-15,-11.2471,5,4.241999,3.773,-15.4891,-15.0201,75.5544
2022-11-22,-17.034,5,4.303999,3.758,-21.338,-20.792,73.6897
2022-11-29,-8.0146,5,4.378999,3.748,-12.3936,-11.7626,79.9608
2022-12-06,-4.2187,5,4.358001,3.535,-8.5767,-7.7537,79.8021
2022-12-13,-7.0147,5,4.363998,3.505,-11.3787,-10.5197,76.5316
2022-12-20,-8.2433,5,4.351002,3.688,-12.5943,-11.9313,75.1974
2022-12-27,-11.2948,5,4.323999,3.845,-15.6188,-15.1398,72.7976
2023-01-03,-7.0953,5,4.368002,3.743,-11.4633,-10.8383,78.1693
2023-01-10,-5.8265,5,4.677,3.623,-10.5035,-9.4495,84.5007
2023-01-17,-2.3338,5,4.616998,3.553,-6.9508,-5.8868,82.3607
2023-01-24,3.2022,5,4.697999,3.455,-1.4958,-0.2528,83.226
2023-01-31,5.6068,5,4.695001,3.512,0.9118,2.0948,87.7779
2023-02-07,6.5432,5,4.707999,3.677,1.8352,2.8662,85.1867
2023-02-14,3.3625,5,4.781001,3.747,-1.4185,-0.3845,82.8473
2023-02-21,7.195,5,4.821,3.956,2.374,3.239,78.7831
2023-02-28,7.7842,5,4.867,3.924,2.9172,3.8602,82.5803
2023-03-07,7.8599,5,5.007999,3.97,2.8519,3.8899,78.5118
2023-03-14,2.9382,5,4.849,3.693,-1.9108,-0.7548,79.3201
2023-03-21,7.2304,5,4.753,3.611,2.4774,3.6194,81.6571
2023-03-28,9.1318,5,4.773,3.571,4.3588,5.5608,79.4226
2023-04-04,7.7108,5,4.880002,3.342,2.8308,4.3688,82.4365
2023-04-11,7.5776,5,5.039001,3.43,2.5386,4.1476,83.4825
2023-04-18,6.752,5,5.182001,3.579,1.57,3.173,78.765
2023-04-25,7.3497,5,5.122001,3.403,2.2277,3.9467,70.101
2023-05-02,7.591,5,5.245001,3.43,2.346,4.161,76.0083
2023-05-09,5.8208,5,5.273998,3.522,0.5468,2.2988,73.3018
2023-05-16,6.4098,5,5.219,3.54,1.1908,2.8698,69.3399
2023-05-23,7.7579,5,5.347002,3.696,2.4109,4.0619,70.7736
2023-05-30,7.6551,5,5.302998,3.69,2.3521,3.9651,75.5698
2023-06-06,8.4726,5,5.328001,3.662,3.1446,4.8106,71.6797
2023-06-13,6.8583,5,5.261,3.819,1.5973,3.0393,70.5079
2023-06-20,7.4212,5,5.235,3.725,2.1862,3.6962,73.5322
2023-06-27,9.8438,5,5.341,3.768,4.5028,6.0758,80.1795
2023-07-03,12.3366,5,5.316,3.858,7.0206,8.4786,87.7822
2023-07-11,12.5038,5,5.408999,3.974,7.0948,8.5298,86.9648
2023-07-18,13.2952,5,5.411999,3.789,7.8832,9.5062,84.1605
2023-07-25,14.0145,5,5.433001,3.888,8.5815,10.1265,78.579
2023-08-01,10.5051,5,5.433,4.027,5.0721,6.4781,82.7322
2023-08-08,9.8586,5,5.459,4.026,4.3996,5.8326,84.4174
2023-08-15,9.5464,5,5.451,4.217,4.0954,5.3294,82.2512
2023-08-22,9.487,5,5.462001,4.328,4.025,5.159,69.0071
2023-08-29,8.9764,5,5.490001,4.122,3.4864,4.8544,72.1618
2023-09-05,9.5406,5,5.43389988,4.26370001,4.1067,5.2769,66.1275
2023-09-12,6.272,5,5.477001,4.284,0.795,1.988,62.6402
2023-09-19,6.4009,5,5.477001,4.361,0.9239,2.0399,67.6185
2023-09-26,8.3201,5,5.506,4.536,2.8141,3.7841,61.5468
2023-10-03,8.567,5,5.505999,4.798,3.061,3.769,75.5036
2023-10-10,8.2133,5,5.498001,4.657,2.7153,3.5563,72.2468
2023-10-17,8.654,5,5.511,4.836,3.143,3.818,75.1102
2023-10-24,9.2218,5,5.477001,4.825,3.7448,4.3968,77.5892
2023-10-31,11.5173,5,5.489999,4.933,6.0273,6.5843,87.9508
2023-11-07,11.8353,5,5.446,4.571,6.3893,7.2643,87.0385
2023-11-14,12.8539,5,5.416998,4.451,7.4369,8.4029,81.5121
2023-11-21,15.5437,5,5.423998,4.395,10.1197,11.1487,82.1642
2023-11-28,16.9909,5,5.425001,4.323,11.5659,12.6679,89.9987
2023-12-05,15.0189,5,5.407001,4.167,9.6119,10.8519,87.506
2023-12-12,15.4071,5,5.411999,4.203,9.9951,11.2041,83.8291
2023-12-19,17.8151,5,5.401001,3.933,12.4141,13.8821,81.1911
2023-12-26,19.484,5,5.376001,3.899,14.108,15.585,82.4647
2024-01-02,15.1191,5,5.378001,3.935,9.7411,11.1841,87.0096
2024-01-09,11.7479,5,5.391,4.015,6.3569,7.7329,82.9621
2024-01-16,9.7854,5,5.371,4.062,4.4144,5.7234,79.7518
2024-01-23,10.9715,5,5.372999,4.132,5.5985,6.8395,78.4177
2024-01-30,9.9422,5,5.369999,4.034,4.5722,5.9082,88.5778
2024-02-06,10.1424,5,5.388001,4.102,4.7544,6.0404,85.194
2024-02-13,10.2576,5,5.398998,4.318,4.8586,5.9396,85.0579
2024-02-20,12.3445,5,5.378001,4.279,6.9665,8.0655,85.0842
2024-02-27,13.8147,5,5.395001,4.303,8.4197,9.5117,87.2052
2024-03-05,13.2757,5,5.381,4.154,7.8947,9.1217,85.4435
2024-03-12,14.3324,5,5.392002,4.153,8.9404,10.1794,85.4365
2024-03-19,14.2344,5,5.386999,4.293,8.8474,9.9414,80.6694
2024-03-26,14.4549,5,5.362999,4.234,9.0919,10.2209,84.1667
2024-04-02,14.4549,5,5.359002,4.353,9.0959,10.1019,81.1935
2024-04-09,11.9312,5,5.368001,4.366,6.5632,7.5652,81.6021
2024-04-16,12.3429,5,5.384,4.669,6.9589,7.6739,76.8882
2024-04-23,11.5491,5,5.397,4.602,6.1521,6.9471,80.3165
2024-04-30,9.4068,5,5.397,4.684,4.0098,4.7228,78.899
2024-05-07,10.4919,5,5.392002,4.459,5.0999,6.0329,82.4049
2024-05-14,9.6461,5,5.386999,4.443,4.2591,5.2031,78.4984
2024-05-21,10.5036,5,5.389002,4.414,5.1146,6.0896,78.4779
2024-05-28,11.0703,5,5.395,4.554,5.6753,6.5163,77.7293
2024-06-04,11.5446,5,5.397,4.33,6.1476,7.2146,82.3168
2024-06-11,10.839,5,5.394999,4.406,5.444,6.433,79.1365
2024-06-18,10.9227,5,5.400001,4.223,5.5227,6.6997,76.9158
2024-06-25,11.1572,5,5.374001,4.25,5.7832,6.9072,75.3273
2024-07-02,10.4816,5,5.378001,4.434,5.1036,6.0476,81.9643
2024-07-09,10.9378,5,5.374001,4.3,5.5638,6.6378,82.1536
2024-07-16,10.8349,5,5.342002,4.16,5.4929,6.6749,81.0987
2024-07-23,11.4449,5,5.326998,4.253,6.1179,7.1919,77.6384
2024-07-30,11.1416,5,5.28,4.141,5.8616,7.0006,87.9636
2024-08-06,10.4934,5,5.224999,3.896,5.2684,6.5974,85.0409
2024-08-13,10.8998,5,5.199001,3.845,5.7008,7.0548,85.1187
2024-08-20,10.7897,5,5.172999,3.809,5.6167,6.9807,81.8731
2024-08-27,10.5201,5,5.109002,3.822,5.4111,6.6981,84.7537
2024-09-03,10.2961,5,5.104999,3.833,5.1911,6.4631,86.5297
2024-09-10,9.968,5,4.972999,3.644,4.995,6.324,82.8284
2024-09-17,9.6878,5,4.875001,3.649,4.8128,6.0388,80.1387
2024-09-24,9.5373,5,4.625,3.73,4.9123,5.8073,83.1707
2024-10-01,8.9161,5,4.620001,3.732,4.2961,5.1841,87.9148
2024-10-08,8.7621,5,4.651,4.016,4.1111,4.7461,86.8389
2024-10-15,8.8133,5,4.645002,4.036,4.1683,4.7773,82.9999
2024-10-22,9.1533,5,4.631001,4.21,4.5223,4.9433,84.9502
2024-10-29,8.8791,5,4.601998,4.256,4.2771,4.6231,88.8655
2024-11-05,9.4408,5,4.54,4.275,4.9008,5.1658,86.7202
2024-11-12,9.6892,5,4.541999,4.429,5.1472,5.2602,84.8278
2024-11-19,11.2572,5,4.521998,4.398,6.7352,6.8592,80.664
2024-11-26,12.906,5,4.512999,4.308,8.393,8.598,77.8474
2024-12-03,14.0978,5,4.469999,4.228,9.6278,9.8698,87.0317
2024-12-10,13.64,5,4.399999,4.228,9.24,9.412,84.8356
2024-12-17,15.546,5,4.361001,4.395,11.185,11.151,77.3728
2024-12-24,10.7522,5,4.338001,4.585,6.4142,6.1672,81.732
2024-12-31,10.7522,5,4.333001,4.573,6.4192,6.1792,83.0466
2025-01-07,12.9398,5,4.314,4.685,8.6258,8.2548,79.4093
2025-01-14,11.0979,5,4.324999,4.794,6.7729,6.3039,77.8974
2025-01-21,11.4564,5,4.308998,4.574,7.1474,6.8824,73.6124
2025-01-28,9.918,5,4.296001,4.536,5.622,5.382,79.9254
2025-02-04,10.7114,5,4.321999,4.513,6.3894,6.1984,81.4301
2025-02-11,10.5926,5,4.332999,4.539,6.2596,6.0536,82.4577
2025-02-18,10.5737,5,4.323999,4.552,6.2497,6.0217,81.9732
2025-02-25,8.5367,5,4.296001,4.298,4.2407,4.2387,79.6413
2025-03-04,9.1752,5,4.321999,4.242,4.8532,4.9332,84.5652
2025-03-11,8.9644,5,4.300999,4.284,4.6634,4.6804,80.4204
2025-03-18,8.4473,5,4.307001,4.285,4.1403,4.1623,77.4501
2025-03-25,7.5091,5,4.293998,4.317,3.2151,3.1921,79.8905
2025-04-01,8.9188,5,4.306999,4.161,4.6118,4.7578,84.5321
2025-04-08,7.0639,5,4.306999,4.291,2.7569,2.7729,78.2489
2025-04-15,7.2625,5,4.32,4.339,2.9425,2.9235,73.9549
2025-04-22,7.4744,5,4.321999,4.401,3.1524,3.0734,84.6181
2025-04-29,6.6669,5,4.296001,4.172,2.3709,2.4949,87.4657
2025-05-06,8.3816,5,4.32,4.298,4.0616,4.0836,88.3665
2025-05-13,8.0689,5,4.401998,4.471,3.6669,3.5979,83.5225
2025-05-20,7.8645,5,4.363998,4.485,3.5005,3.3795,81.4597
2025-05-27,8.7147,5,4.319,4.448,4.3957,4.2667,83.9069
2025-06-03,8.628,5,4.351002,4.458,4.277,4.17,88.7022
2025-06-10,8.4748,5,4.358001,4.474,4.1168,4.0008,88.5298
2025-06-17,8.5572,5,4.332001,4.387,4.2252,4.1702,84.731
2025-06-24,8.3191,5,4.300999,4.296,4.0181,4.0231,84.1828
2025-07-01,8.8298,5,4.340001,4.242,4.4898,4.5878,88.2741
2025-07-08,7.6867,5,4.363998,4.403,3.3227,3.2837,89.3853
2025-07-15,7.693,5,4.366001,4.491,3.327,3.202,85.4962
2025-07-22,7.6713,5,4.343002,4.348,3.3283,3.3233,85.3947
2025-07-29,6.6855,5,4.340001,4.324,2.3455,2.3615,88.5671
2025-08-05,7.9199,5,4.255001,4.208,3.6649,3.7119,89.0389
2025-08-12,7.8217,5,4.241999,4.289,3.5797,3.5327,86.8191
2025-08-19,8.2172,5,4.221,4.31,3.9962,3.9072,83.7527
2025-08-26,8.1266,5,4.196002,4.265,3.9306,3.8616,84.2946
2025-09-02,9.6548,5,4.132999,4.265,5.5218,5.3898,87.5206
2025-09-09,7.9362,5,4.044998,4.086,3.8912,3.8502,87.4229
2025-09-16,7.8942,5,3.983002,4.032,3.9112,3.8622,82.4019
2025-09-23,7.6647,5,3.947001,4.106,3.7177,3.5587,82.9264
2025-09-30,6.2228,5,3.947001,4.154,2.2758,2.0688,84.6804
2025-10-07,7.485,5,3.942001,4.125,3.543,3.36,84.9488
2025-10-14,7.5047,5,3.950001,4.032,3.5547,3.4727,85.4086
2025-10-21,7.3326,5,3.885,3.965,3.4476,3.3676,83.4182
2025-10-28,6.6111,5,3.815002,3.978,2.7961,2.6331,81.9027
2025-11-04,6.818,5,3.887998,4.083,2.93,2.735,84.1066
2025-11-10,6.7039,5,3.876999,4.12,2.8269,2.5839,83.1942
2025-11-18,6.7753,5,3.875,4.117,2.9003,2.6583,85.1121
2025-11-25,6.1119,5,3.824999,4,2.2869,2.1119,81.0472
2025-12-02,7.3505,5,3.769002,4.09,3.5815,3.2605,80.85
2025-12-09,6.094,5,3.726998,4.19,2.367,1.904,81.2528
2025-12-16,6.0035,5,3.631999,4.147,2.3715,1.8565,78.6058
2025-12-23,5.4476,5,3.641999,4.167,1.8056,1.2806,81.1443
2025-12-30,4.7327,5,3.629001,4.126,1.1037,0.6067,83.9234
2026-01-06,5.7884,5,3.606001,4.169,2.1824,1.6194,84.5272
2026-01-13,5.6518,5,3.645001,4.175,2.0068,1.4768,79.8935
2026-01-20,5.5741,5,3.658002,4.295,1.9161,1.2791,79.6341
2026-01-27,5.1288,5,3.662999,4.245,1.4658,0.8838,71.5274
2026-02-03,5.2506,5,3.684001,4.267,1.5666,0.9836,77.812
2026-02-10,4.8019,5,3.684001,4.141,1.1179,0.6609,66.2293
2026-02-17,4.633,5,3.680998,4.062,0.952,0.571,64.0883
2026-02-24,4.901,5,3.678,4.037,1.223,0.864,66.4863
2026-03-03,5.0973,5,3.684001,4.065,1.4133,1.0323,71.786
2026-03-10,4.9916,5,3.684001,4.156,1.3076,0.8356,69.1738
2026-03-17,4.7486,5,3.694,4.2,1.0546,0.5486,62.8723
2026-03-24,4.7915,5,3.712002,4.368,1.0795,0.4235,59.1155
2026-03-31,5.9553,5,3.694,4.319,2.2613,1.6363,61.3688
2026-04-07,4.8831,5,3.703999,4.301,1.1791,0.5821,60.9736
2026-04-14,4.7657,5,3.703999,4.248,1.0617,0.5177,64.4165
2026-04-21,4.9247,5,3.689,4.299,1.2357,0.6257,60.1184
2026-04-28,4.3988,5,3.678,4.35,0.7208,0.0488,69.3297
2026-05-05,5.419,5,3.691001,4.426,1.728,0.993,76.3183
2026-05-12,5.4326,5,3.694,4.463,1.7386,0.9696,71.7867
2026-05-19,5.2663,5,3.662999,4.667,1.6033,0.5993,68.1696
2026-05-26,5.0898,5,3.671,4.491,1.4188,0.5988,68.7353
2026-06-02,6.243,5,3.708999,4.453,2.534,1.79,74.1978
2026-06-09,5.2473,5,3.725001,4.518,1.5223,0.7293,71.6019
2026-06-16,5.2958,5,3.720001,4.439,1.5758,0.8568,67.4651
2026-06-23,4.8875,5,3.783998,4.499,1.1035,0.3885,62.3917
2026-06-30,4.2587,5,3.828,4.461,0.4307,-0.2023,69.399
2026-07-07,5.1987,5,3.817998,4.551,1.3807,0.6477,66.764
2026-07-14,5.2443,5,3.789,4.587,1.4553,0.6573,66.0717
2026-07-21,5.0951,5,3.823001,4.626,1.2721,0.4691,65.0266
2026-07-28,4.7705,5,3.857,4.606,0.9135,0.1645,58.2846
2026-08-04,4.8819,5,3.823001,4.615,1.0589,0.2669,68.5449
2026-08-11,5.0825,5,3.823001,4.694,1.2595,0.3885,67.5903
2026-08-18,5.1365,5,3.796998,4.708,1.3395,0.4285,67.2518
2026-08-25,5.3204,5,3.786998,4.623,1.5334,0.6974,65.8669
2026-09-01,6.1146,5,3.871999,4.796,2.2426,1.3186,80.3523
2026-09-08,5.4466,5,3.872001,4.792,1.5746,0.6546,76.251
2026-09-15,5.3893,5,4.062999,5.006,1.3263,0.3833,68.7238
2026-09-22,5.4496,5,4.105001,4.955,1.3446,0.4946,66.7802
