as_of,open_interest,nc_long,nc_short,nc_spread,c_long,c_short,nr_long,nr_short,calc_publication,calc_publication_status,calc_nc_net,calc_nc_net_pct_oi,calc_c_net,calc_c_net_pct_oi,calc_nr_net,calc_nr_net_pct_oi,calc_d_oi,calc_d_nc_long,calc_d_nc_short,calc_d_nc_net,calc_d_nc_net_pp,calc_pctl_d_nc_net_pp,calc_pctl_d_nc_net,calc_pctl_nc_net_pct_oi,calc_d_c_net,calc_d_c_net_pp,calc_pctl_d_c_net_pp,calc_cme_expiry_in_week,calc_flag_cross_net_short,calc_flag_cross_net_long,calc_flag_speed_low,calc_flag_speed_high
2018-04-10,1702,1077,1315,26,0,0,599,361,2018-04-13,normale,-238,-13.98,0,0,238,13.98,,,,,,,,,,,,,0,0,0,0
2018-04-17,2029,1305,1645,42,0,0,682,342,2018-04-20,normale,-340,-16.76,0,0,340,16.76,327,228,330,-102,-2.77,,,,0,0,,,0,0,0,0
2018-04-24,2380,1497,2018,54,0,0,829,308,2018-04-27,normale,-521,-21.89,0,0,521,21.89,351,192,373,-181,-5.13,,,,0,0,,,0,0,0,0
2018-05-01,1991,1375,1631,27,0,0,589,333,2018-05-04,normale,-256,-12.86,0,0,256,12.86,-389,-122,-387,265,9.03,,,,0,0,,2018-04-27,0,0,0,0
2018-05-08,2485,1675,2075,20,0,0,790,390,2018-05-11,normale,-400,-16.1,0,0,400,16.1,494,300,444,-144,-3.24,,,,0,0,,,0,0,0,0
2018-05-15,2505,1675,2052,26,0,0,804,427,2018-05-18,normale,-377,-15.05,0,0,377,15.05,20,0,-23,23,1.05,,,,0,0,,,0,0,0,0
2018-05-22,2684,1785,2228,50,0,0,849,406,2018-05-25,normale,-443,-16.51,0,0,443,16.51,179,110,176,-66,-1.46,,,,0,0,,,0,0,0,0
2018-05-29,2714,1696,2253,58,0,0,960,403,2018-06-01,normale,-557,-20.52,0,0,557,20.52,30,-89,25,-114,-4.02,,,,0,0,,2018-05-25,0,0,0,0
2018-06-05,2556,1713,2179,27,0,0,816,350,2018-06-08,normale,-466,-18.23,0,0,466,18.23,-158,17,-74,91,2.29,,,,0,0,,,0,0,0,0
2018-06-12,2643,1805,2182,19,0,0,819,442,2018-06-15,normale,-377,-14.26,0,0,377,14.26,87,92,3,89,3.97,,,,0,0,,,0,0,0,0
2018-06-19,2633,1718,2063,111,0,0,804,459,2018-06-22,normale,-345,-13.1,0,0,345,13.1,-10,-87,-119,32,1.16,,,,0,0,,,0,0,0,0
2018-06-26,2687,1708,2131,140,0,0,839,416,2018-06-29,normale,-423,-15.74,0,0,423,15.74,54,-10,68,-78,-2.64,,,,0,0,,,0,0,0,0
2018-07-03,2514,1680,2089,48,0,0,786,377,2018-07-06,normale,-409,-16.27,0,0,409,16.27,-173,-28,-42,14,-0.53,,,,0,0,,2018-06-29,0,0,0,0
2018-07-10,2622,1808,2139,113,0,0,701,370,2018-07-13,normale,-331,-12.62,0,0,331,12.62,108,128,50,78,3.64,,,,0,0,,,0,0,0,0
2018-07-17,2854,1987,2334,83,0,77,784,360,2018-07-20,normale,-347,-12.16,-77,-2.7,424,14.86,232,179,195,-16,0.47,,,,-77,-2.7,,,0,0,0,0
2018-07-24,3431,2295,2792,205,0,77,931,357,2018-07-27,normale,-497,-14.49,-77,-2.24,574,16.73,577,308,458,-150,-2.33,,,,0,0.45,,,0,0,0,0
2018-07-31,3063,1981,2433,267,0,85,815,278,2018-08-03,normale,-452,-14.76,-85,-2.78,537,17.53,-368,-314,-359,45,-0.27,,,,-8,-0.53,,2018-07-27,0,0,0,0
2018-08-07,2732,1616,1982,316,0,85,800,349,2018-08-10,normale,-366,-13.4,-85,-3.11,451,16.51,-331,-365,-451,86,1.36,,,,0,-0.34,,,0,0,0,0
2018-08-14,2983,2203,2425,75,0,77,705,406,2018-08-17,normale,-222,-7.44,-77,-2.58,299,10.02,251,587,443,144,5.95,,,,8,0.53,,,0,0,0,0
2018-08-21,2981,2189,2454,81,0,90,711,356,2018-08-24,normale,-265,-8.89,-90,-3.02,355,11.91,-2,-14,29,-43,-1.45,,,,-13,-0.44,,,0,0,0,0
2018-08-28,2840,1915,2354,66,0,90,859,330,2018-08-31,normale,-439,-15.46,-90,-3.17,529,18.63,-141,-274,-100,-174,-6.57,,,,0,-0.15,,,0,0,0,0
2018-09-04,2707,1862,2184,25,0,145,820,353,2018-09-07,normale,-322,-11.9,-145,-5.36,467,17.25,-133,-53,-170,117,3.56,,,,-55,-2.19,,2018-08-31,0,0,0,0
2018-09-11,2711,1746,2105,222,0,143,743,241,2018-09-14,normale,-359,-13.24,-143,-5.27,502,18.52,4,-116,-79,-37,-1.35,,,,2,0.08,,,0,0,0,0
2018-09-18,2742,1656,2037,228,0,139,858,338,2018-09-21,normale,-381,-13.89,-139,-5.07,520,18.96,31,-90,-68,-22,-0.65,,,,4,0.21,,,0,0,0,0
2018-09-25,2746,1625,1952,332,0,139,789,323,2018-09-28,normale,-327,-11.91,-139,-5.06,466,16.97,4,-31,-85,54,1.99,,,,0,0.01,,,0,0,0,0
2018-10-02,2354,1590,1918,23,0,155,741,258,2018-10-05,normale,-328,-13.93,-155,-6.58,483,20.52,-392,-35,-34,-1,-2.03,,,,-16,-1.52,,2018-09-28,0,0,0,0
2018-10-09,2848,2038,2289,24,0,170,786,365,2018-10-12,normale,-251,-8.81,-170,-5.97,421,14.78,494,448,371,77,5.12,,,,-15,0.62,,,0,0,0,0
2018-10-16,2730,1962,2190,64,0,170,704,306,2018-10-19,normale,-228,-8.35,-170,-6.23,398,14.58,-118,-76,-99,23,0.46,,,,0,-0.26,,,0,0,0,0
2018-10-23,3001,1870,1997,466,0,171,665,367,2018-10-26,normale,-127,-4.23,-171,-5.7,298,9.93,271,-92,-193,101,4.12,,,,-1,0.53,,,0,0,0,0
2018-10-30,2608,1973,2033,82,0,167,553,326,2018-11-02,normale,-60,-2.3,-167,-6.4,227,8.7,-393,103,36,67,1.93,,,,4,-0.71,,2018-10-26,0,0,0,0
2018-11-06,2913,2248,2458,0,0,167,665,288,2018-11-09,normale,-210,-7.21,-167,-5.73,377,12.94,305,275,425,-150,-4.91,,,,0,0.67,,,0,0,0,0
2018-11-13,3530,2892,3055,1,0,167,637,307,2018-11-16,normale,-163,-4.62,-167,-4.73,330,9.35,617,644,597,47,2.59,,,,0,1,,,0,0,0,0
2018-11-20,3729,2467,2576,599,0,174,663,380,2018-11-23,normale,-109,-2.92,-174,-4.67,283,7.59,199,-425,-479,54,1.69,,,,-7,0.06,,,0,0,0,0
2018-11-27,3791,2677,2750,380,0,251,734,410,2018-11-30,normale,-73,-1.93,-251,-6.62,324,8.55,62,210,174,36,1,,,,-77,-1.95,,,0,0,0,0
2018-12-04,3301,2638,2752,78,0,153,585,318,2018-12-07,normale,-114,-3.45,-153,-4.63,267,8.09,-490,-39,2,-41,-1.53,,,,98,1.99,,2018-11-30,0,0,0,0
2018-12-11,3970,3091,3331,124,4,173,751,342,2018-12-14,normale,-240,-6.05,-169,-4.26,409,10.3,669,453,579,-126,-2.59,,,,-16,0.38,,,0,0,0,0
2018-12-18,4359,3407,3759,152,0,169,800,279,2018-12-21,normale,-352,-8.08,-169,-3.88,521,11.95,389,316,428,-112,-2.03,,,,0,0.38,,,0,0,0,0
2018-12-24,3857,2951,3236,186,0,154,720,281,2019-02-01,retard-connu,-285,-7.39,-154,-3.99,439,11.38,-502,-456,-523,67,0.69,,,,15,-0.12,,,0,0,0,0
2018-12-31,3708,2686,2980,227,0,223,795,278,,retard-inconnu,-294,-7.93,-223,-6.01,517,13.94,-149,-265,-256,-9,-0.54,,,,-69,-2.02,,2018-12-28,0,0,0,0
2019-01-08,3764,2976,3217,68,0,173,720,306,,retard-inconnu,-241,-6.4,-173,-4.6,414,11,56,290,237,53,1.53,,,,50,1.42,,,0,0,0,0
2019-01-15,4473,3554,3696,213,0,173,706,391,,retard-inconnu,-142,-3.17,-173,-3.87,315,7.04,709,578,479,99,3.23,,,,0,0.73,,,0,0,0,0
2019-01-22,4976,3350,3645,814,129,173,683,344,,retard-inconnu,-295,-5.93,-44,-0.88,339,6.81,503,-204,-51,-153,-2.75,,,,129,2.98,,,0,0,0,0
2019-01-29,4047,2888,3203,341,129,173,689,330,,retard-inconnu,-315,-7.78,-44,-1.09,359,8.87,-929,-462,-442,-20,-1.86,,,,0,-0.2,,2019-01-25,0,0,0,0
2019-02-05,3881,2678,2998,377,131,173,695,333,,retard-inconnu,-320,-8.25,-42,-1.08,362,9.33,-166,-210,-205,-5,-0.46,,,,2,0.01,,,0,0,0,0
2019-02-12,3361,2021,2624,258,320,230,762,249,,retard-inconnu,-603,-17.94,90,2.68,513,15.26,-520,-657,-374,-283,-9.7,,,,132,3.76,,,0,0,0,0
2019-02-19,3964,2486,3062,398,222,220,858,284,,retard-inconnu,-576,-14.53,2,0.05,574,14.48,603,465,438,27,3.41,,,,-88,-2.63,,,0,0,0,0
2019-02-26,3324,2368,2686,132,0,230,824,276,,retard-inconnu,-318,-9.57,-230,-6.92,548,16.49,-640,-118,-376,258,4.96,,,,-232,-6.97,,2019-02-22,0,0,0,0
2019-03-05,3226,2203,2489,165,0,234,858,338,2019-03-08,normale,-286,-8.87,-234,-7.25,520,16.12,-98,-165,-197,32,0.7,,,,-4,-0.33,,,0,0,0,0
2019-03-12,3480,2307,2663,331,0,256,842,230,2019-03-15,normale,-356,-10.23,-256,-7.36,612,17.59,254,104,174,-70,-1.36,,,,-22,-0.1,,,0,0,0,0
2019-03-19,3681,2383,2833,295,0,281,1003,272,2019-03-22,normale,-450,-12.22,-281,-7.63,731,19.86,201,76,170,-94,-2,,,,-25,-0.28,,,0,0,0,0
2019-03-26,3428,1960,2326,538,0,232,930,332,2019-03-29,normale,-366,-10.68,-232,-6.77,598,17.44,-253,-423,-507,84,1.55,,,,49,0.87,,,0,0,0,0
2019-04-02,4000,2430,3056,471,0,229,1099,244,2019-04-05,normale,-626,-15.65,-229,-5.72,855,21.38,572,470,730,-260,-4.97,,,,3,1.04,,2019-03-29,0,0,0,0
2019-04-09,4443,2846,3545,421,0,211,1176,266,2019-04-12,normale,-699,-15.73,-211,-4.75,910,20.48,443,416,489,-73,-0.08,,,0.173,18,0.98,,,0,0,0,0
2019-04-16,4324,2967,3673,193,0,202,1164,256,2019-04-19,normale,-706,-16.33,-202,-4.67,908,21,-119,121,128,-7,-0.59,0.423,0.462,0.113,9,0.08,0.654,,0,0,0,0
2019-04-23,4313,2771,3834,156,0,87,1386,236,2019-04-26,normale,-1063,-24.65,-87,-2.02,1150,26.66,-11,-196,161,-357,-8.32,0.019,0,0,115,2.65,0.962,,0,0,1,0
2019-04-30,3817,2501,3466,98,0,46,1218,207,2019-05-03,normale,-965,-25.28,-46,-1.21,1011,26.49,-496,-270,-368,98,-0.64,0.426,0.889,0,41,0.81,0.833,2019-04-26,0,0,0,0
2019-05-07,4388,2946,3985,108,0,46,1334,249,2019-05-10,normale,-1039,-23.68,-46,-1.05,1085,24.73,571,445,519,-74,1.6,0.727,0.273,0.036,0,0.16,0.655,,0,0,0,0
2019-05-14,4447,2805,3750,289,0,46,1353,362,2019-05-17,normale,-945,-21.25,-46,-1.03,991,22.28,59,-141,-235,94,2.43,0.804,0.875,0.07,0,0.01,0.589,,0,0,0,0
2019-05-21,4650,2845,3826,384,0,46,1421,394,2019-05-24,normale,-981,-21.1,-46,-0.99,1027,22.09,203,40,76,-36,0.15,0.526,0.386,0.086,0,0.05,0.596,,0,0,0,0
2019-05-28,5190,3266,4417,371,0,46,1553,356,2019-05-31,normale,-1151,-22.18,-46,-0.89,1197,23.06,540,421,591,-170,-1.08,0.379,0.086,0.051,0,0.1,0.655,,0,0,0,0
2019-06-04,4436,2834,3763,211,0,34,1391,428,2019-06-07,normale,-929,-20.94,-34,-0.77,963,21.71,-754,-432,-654,222,1.23,0.661,0.966,0.117,12,0.12,0.661,2019-05-31,0,0,0,0
2019-06-11,4434,2794,3694,280,0,101,1360,359,2019-06-14,normale,-900,-20.3,-101,-2.28,1001,22.58,-2,-40,-69,29,0.64,0.567,0.583,0.148,-67,-1.51,0.117,,0,0,0,0
2019-06-18,5391,3400,4431,491,0,101,1500,368,2019-06-21,normale,-1031,-19.12,-101,-1.87,1132,21,957,606,737,-131,1.17,0.656,0.164,0.161,0,0.4,0.738,,0,0,0,0
2019-06-25,6021,3893,5126,391,0,87,1737,417,2019-06-28,normale,-1233,-20.48,-87,-1.44,1320,21.92,630,493,695,-202,-1.35,0.339,0.048,0.143,14,0.43,0.742,,0,0,0,0
2019-07-02,5839,4082,5206,222,0,78,1535,333,2019-07-05,normale,-1124,-19.25,-78,-1.34,1202,20.59,-182,189,80,109,1.23,0.667,0.921,0.172,9,0.11,0.635,2019-06-28,0,0,0,0
2019-07-09,6075,4164,5472,181,0,78,1730,344,2019-07-12,normale,-1308,-21.53,-78,-1.28,1386,22.81,236,82,266,-184,-2.28,0.203,0.063,0.077,0,0.05,0.563,,0,0,0,0
2019-07-16,5322,3322,4676,211,0,26,1789,409,2019-07-19,normale,-1354,-25.44,-26,-0.49,1380,25.93,-753,-842,-796,-46,-3.91,0.108,0.354,0,52,0.8,0.846,,0,0,0,0
2019-07-23,4928,3032,4254,184,0,26,1712,464,2019-07-26,normale,-1222,-24.8,-26,-0.53,1248,25.32,-394,-290,-422,132,0.64,0.561,0.939,0.03,0,-0.04,0.288,,0,0,0,0
2019-07-30,4302,2687,3689,92,0,26,1523,495,2019-08-02,normale,-1002,-23.29,-26,-0.6,1028,23.9,-626,-345,-565,220,1.51,0.716,0.955,0.074,0,-0.08,0.284,2019-07-26,0,0,0,0
2019-08-06,4692,2820,4048,72,0,26,1800,546,2019-08-09,normale,-1228,-26.17,-26,-0.55,1254,26.73,390,133,359,-226,-2.88,0.132,0.044,0,0,0.05,0.559,,0,0,0,0
2019-08-13,4729,2871,4074,110,0,26,1748,519,2019-08-16,normale,-1203,-25.44,-26,-0.55,1229,25.99,37,51,26,25,0.73,0.609,0.565,0.029,0,0,0.493,,0,0,0,0
2019-08-20,4485,2565,3807,224,0,26,1696,428,2019-08-23,normale,-1242,-27.69,-26,-0.58,1268,28.27,-244,-306,-267,-39,-2.25,0.229,0.386,0,0,-0.03,0.3,,0,0,0,0
2019-08-27,4091,2285,3470,81,0,26,1725,514,2019-08-30,normale,-1185,-28.97,-26,-0.64,1211,29.6,-394,-280,-337,57,-1.27,0.38,0.718,0,0,-0.06,0.282,,0,0,0,0
2019-09-03,4493,2755,3875,154,0,26,1584,438,2019-09-06,normale,-1120,-24.93,-26,-0.58,1146,25.51,402,470,405,65,4.04,0.931,0.722,0.082,0,0.06,0.597,2019-08-30,0,0,0,0
2019-09-10,4128,2447,3398,253,0,26,1428,451,2019-09-13,normale,-951,-23.04,-26,-0.63,977,23.67,-365,-308,-477,169,1.89,0.781,0.945,0.149,0,-0.05,0.288,,0,0,0,0
2019-09-17,4174,2502,3572,219,0,26,1453,357,2019-09-20,normale,-1070,-25.63,-26,-0.62,1096,26.26,46,55,174,-119,-2.6,0.176,0.203,0.04,0,0.01,0.527,,0,0,0,0
2019-09-24,4178,2253,3321,297,0,26,1628,534,2019-09-27,normale,-1068,-25.56,-26,-0.62,1094,26.18,4,-249,-251,2,0.07,0.507,0.507,0.053,0,0,0.493,,0,0,0,0
2019-10-01,3348,1801,2666,137,0,0,1410,545,2019-10-04,normale,-865,-25.84,0,0,865,25.84,-830,-452,-655,203,-0.27,0.474,0.947,0.039,26,0.62,0.829,2019-09-27,0,0,0,0
2019-10-08,3335,1805,2712,135,0,0,1395,488,2019-10-11,normale,-907,-27.2,0,0,907,27.2,-13,4,46,-42,-1.36,0.338,0.351,0.026,0,0,0.396,,0,0,0,0
2019-10-15,3444,1825,2691,201,0,0,1418,552,2019-10-18,normale,-866,-25.15,0,0,866,25.15,109,20,-21,41,2.05,0.821,0.628,0.127,0,0,0.397,,0,0,0,0
2019-10-22,3093,1493,2263,216,0,0,1384,614,2019-10-25,normale,-770,-24.89,0,0,770,24.89,-351,-332,-428,96,0.25,0.532,0.835,0.15,0,0,0.399,,0,0,0,0
2019-10-29,3155,1818,2547,152,0,0,1185,456,2019-11-01,normale,-729,-23.11,0,0,729,23.11,62,325,284,41,1.79,0.775,0.619,0.21,0,0,0.4,2019-10-25,0,0,0,0
2019-11-05,3520,2036,2951,187,0,0,1297,382,2019-11-08,normale,-915,-25.99,0,0,915,25.99,365,218,404,-186,-2.89,0.111,0.062,0.049,0,0,0.401,,0,0,0,0
2019-11-12,3091,1679,2544,138,0,0,1274,409,2019-11-15,normale,-865,-27.98,0,0,865,27.98,-429,-357,-407,50,-1.99,0.268,0.659,0.012,0,0,0.402,,0,0,0,0
2019-11-19,3157,1630,2540,125,0,0,1402,492,2019-11-22,normale,-910,-28.82,0,0,910,28.82,66,-49,-4,-45,-0.84,0.398,0.325,0.012,0,0,0.404,,0,0,0,0
2019-11-26,3554,1583,2593,302,0,0,1669,659,2019-11-29,normale,-1010,-28.42,0,0,1010,28.42,397,-47,53,-100,0.41,0.548,0.238,0.024,0,0,0.405,,0,0,0,0
2019-12-03,2983,1425,2151,72,0,0,1486,760,2019-12-06,normale,-726,-24.34,0,0,726,24.34,-571,-158,-442,284,4.08,0.941,1,0.221,0,0,0.406,2019-11-29,0,0,0,0
2019-12-10,3232,1566,2447,122,0,0,1544,663,2019-12-13,normale,-881,-27.26,0,0,881,27.26,249,141,296,-155,-2.92,0.105,0.116,0.057,0,0,0.407,,0,0,0,0
2019-12-17,3840,2045,3221,137,0,0,1658,482,2019-12-20,normale,-1176,-30.62,0,0,1176,30.63,608,479,774,-295,-3.37,0.092,0.011,0,0,0,0.408,,0,0,0,0
2019-12-24,3541,1725,3053,126,0,0,1690,362,2019-12-27,normale,-1328,-37.5,0,0,1328,37.5,-299,-320,-168,-152,-6.88,0.023,0.148,0,0,0,0.409,,0,0,1,0
2019-12-31,3186,1699,2728,133,0,0,1354,325,2020-01-03,normale,-1029,-32.3,0,0,1029,32.3,-355,-26,-325,299,5.21,0.978,1,0.011,0,0,0.41,2019-12-27,0,0,0,1
2020-01-07,5400,3385,4820,258,0,0,1757,322,2020-01-10,normale,-1435,-26.57,0,0,1435,26.57,2214,1686,2092,-406,5.72,0.978,0,0.11,0,0,0.411,,0,0,0,1
2020-01-14,5405,3368,4728,263,0,0,1774,414,2020-01-17,normale,-1360,-25.16,0,0,1360,25.16,5,-17,-92,75,1.41,0.703,0.747,0.207,0,0,0.412,,0,0,0,0
2020-01-21,5139,2992,4390,345,0,0,1802,404,2020-01-24,normale,-1398,-27.2,0,0,1398,27.2,-266,-376,-338,-38,-2.04,0.239,0.402,0.097,0,0,0.413,,0,0,0,0
2020-01-28,4917,2623,4156,327,0,0,1967,434,2020-01-31,normale,-1533,-31.18,0,0,1533,31.18,-222,-369,-234,-135,-3.97,0.086,0.194,0.021,0,0,0.414,,0,0,0,0
2020-02-04,4367,2317,3788,199,0,0,1851,380,2020-02-07,normale,-1471,-33.68,0,0,1471,33.68,-550,-306,-368,62,-2.51,0.213,0.713,0.011,0,0,0.415,2020-01-31,0,0,0,0
2020-02-11,6106,3604,5284,390,0,0,2112,432,2020-02-14,normale,-1680,-27.51,0,0,1680,27.51,1739,1287,1496,-209,6.17,0.989,0.063,0.104,0,0,0.416,,0,0,0,1
2020-02-18,6463,4366,5774,275,0,0,1822,414,2020-02-21,normale,-1408,-21.79,0,0,1408,21.79,357,762,490,272,5.73,0.969,0.979,0.371,0,0,0.417,,0,0,0,1
2020-02-25,5632,3750,4916,289,0,0,1593,427,2020-02-28,normale,-1166,-20.7,0,0,1166,20.7,-831,-616,-858,242,1.08,0.639,0.948,0.418,0,0,0.418,,0,0,0,0
2020-03-03,4837,2227,3809,621,0,0,1989,407,2020-03-06,normale,-1582,-32.71,0,0,1582,32.71,-795,-1523,-1107,-416,-12,0,0,0.02,0,0,0.418,2020-02-28,0,0,1,0
2020-03-10,4368,2384,3430,494,0,0,1490,444,2020-03-13,normale,-1046,-23.95,0,0,1046,23.95,-469,157,-379,536,8.76,0.99,1,0.31,0,0,0.419,,0,0,0,1
2020-03-17,4474,2890,3876,103,0,0,1481,495,2020-03-20,normale,-986,-22.04,0,0,986,22.04,106,506,446,60,1.91,0.77,0.69,0.366,0,0,0.42,,0,0,0,0
2020-03-24,3909,2266,3138,140,0,0,1503,631,2020-03-27,normale,-872,-22.31,0,0,872,22.31,-565,-624,-738,114,-0.27,0.485,0.861,0.353,0,0,0.421,,0,0,0,0
2020-03-31,3947,2598,3303,90,0,0,1259,554,2020-04-03,normale,-705,-17.86,0,0,705,17.86,38,332,165,167,4.45,0.912,0.892,0.515,0,0,0.422,2020-03-27,0,0,0,0
2020-04-07,5448,3380,4790,303,0,0,1765,355,2020-04-10,normale,-1410,-25.88,0,0,1410,25.88,1501,782,1487,-705,-8.02,0.029,0,0.173,0,0,0.422,,0,0,1,0
2020-04-14,5538,3369,4875,266,0,0,1903,397,2020-04-17,normale,-1506,-27.19,0,0,1506,27.19,90,-11,85,-96,-1.31,0.375,0.279,0.143,0,0,0.423,,0,0,0,0
2020-04-21,5648,3409,4942,266,0,0,1973,440,2020-04-24,normale,-1533,-27.14,0,0,1533,27.14,110,40,67,-27,0.05,0.505,0.429,0.151,0,0,0.424,,0,0,0,0
2020-04-28,6111,3634,5228,466,0,0,2011,417,2020-05-01,normale,-1594,-26.08,0,0,1594,26.08,463,225,286,-61,1.06,0.632,0.34,0.178,0,0,0.425,2020-04-24,0,0,0,0
2020-05-05,7784,5006,6731,707,0,0,2071,346,2020-05-08,normale,-1725,-22.16,0,0,1725,22.16,1673,1372,1503,-131,3.92,0.869,0.21,0.389,0,0,0.425,,0,0,0,0
2020-05-12,9939,6606,8937,657,31,0,2645,345,2020-05-15,normale,-2331,-23.45,31,0.31,2300,23.14,2155,1600,2206,-606,-1.29,0.37,0.009,0.339,31,0.31,0.796,,0,0,0,0
2020-05-19,10878,7342,9926,606,34,0,2896,346,2020-05-22,normale,-2584,-23.75,34,0.31,2550,23.44,939,736,989,-253,-0.3,0.459,0.073,0.327,3,0,0.633,,0,0,0,0
2020-05-26,8722,6034,7684,402,0,0,2286,636,2020-05-29,normale,-1650,-18.92,0,0,1650,18.92,-2156,-1308,-2242,934,4.84,0.918,1,0.523,-34,-0.31,0.118,,0,0,0,0
2020-06-02,8824,5914,8066,278,35,0,2597,480,2020-06-05,normale,-2152,-24.39,35,0.4,2117,23.99,102,-120,382,-502,-5.47,0.054,0.018,0.304,35,0.4,0.82,2020-05-29,0,0,0,0
2020-06-09,9565,6817,8760,243,32,0,2473,562,2020-06-12,normale,-1943,-20.31,32,0.33,1911,19.98,741,903,694,209,4.07,0.884,0.911,0.496,-3,-0.06,0.188,,0,0,0,0
2020-06-16,8784,6382,7946,209,0,0,2193,629,2020-06-19,normale,-1564,-17.81,0,0,1564,17.81,-781,-435,-814,379,2.51,0.805,0.982,0.561,-32,-0.33,0.106,,0,0,0,0
2020-06-23,9330,6640,8437,382,0,0,2308,511,2020-06-26,normale,-1797,-19.26,0,0,1797,19.26,546,258,491,-233,-1.46,0.298,0.088,0.504,0,0,0.43,,0,0,0,0
2020-06-30,7675,5696,6922,105,0,0,1874,648,2020-07-03,normale,-1226,-15.97,0,0,1226,15.97,-1655,-944,-1515,571,3.29,0.826,0.991,0.612,0,0,0.43,2020-06-26,0,0,0,0
2020-07-07,8165,6020,7505,85,0,0,2060,575,2020-07-10,normale,-1485,-18.19,0,0,1485,18.19,490,324,583,-259,-2.21,0.233,0.078,0.538,0,0,0.431,,0,0,0,0
2020-07-14,8322,6323,7633,103,0,0,1896,586,2020-07-17,normale,-1310,-15.74,0,0,1310,15.74,157,303,128,175,2.45,0.795,0.88,0.627,0,0,0.432,,0,0,0,0
2020-07-21,9230,6824,8524,129,0,0,2277,577,2020-07-24,normale,-1700,-18.42,0,0,1700,18.42,908,501,891,-390,-2.68,0.169,0.042,0.521,0,0,0.432,,0,0,0,0
2020-07-28,13068,8809,12053,463,111,0,3685,552,2020-07-31,normale,-3244,-24.82,111,0.85,3133,23.97,3838,1985,3529,-1544,-6.41,0.05,0,0.267,111,0.85,0.924,,0,0,0,0
2020-08-04,12703,8717,11972,295,177,0,3514,436,2020-08-07,normale,-3255,-25.62,177,1.39,3078,24.23,-365,-92,-81,-11,-0.8,0.408,0.483,0.198,66,0.54,0.867,2020-07-31,0,0,0,0
2020-08-11,13090,8456,11537,1069,137,0,3428,484,2020-08-14,normale,-3081,-23.54,137,1.05,2944,22.49,387,-261,-435,174,2.09,0.777,0.876,0.336,-40,-0.35,0.091,,0,0,0,0
2020-08-18,14454,8632,12182,1737,200,0,3885,535,2020-08-21,normale,-3550,-24.56,200,1.38,3350,23.18,1364,176,645,-469,-1.02,0.393,0.033,0.293,63,0.34,0.795,,0,0,0,0
2020-08-25,11615,6917,9074,1326,175,0,3197,1215,2020-08-28,normale,-2157,-18.57,175,1.51,1982,17.06,-2839,-1715,-3108,1393,5.99,0.976,1,0.532,-25,0.12,0.764,,0,0,0,1
2020-09-01,10617,6780,9339,839,183,0,2815,439,2020-09-04,normale,-2559,-24.1,183,1.72,2376,22.38,-998,-137,265,-402,-5.53,0.056,0.056,0.312,8,0.22,0.782,2020-08-28,0,0,0,0
2020-09-08,8198,4643,6953,731,100,0,2724,514,2020-09-11,normale,-2310,-28.18,100,1.22,2210,26.96,-2419,-2137,-2386,249,-4.07,0.096,0.92,0.071,-83,-0.5,0.08,,0,0,0,0
2020-09-15,9383,5122,8002,779,67,0,3415,602,2020-09-18,normale,-2880,-30.69,67,0.71,2813,29.98,1185,479,1049,-570,-2.52,0.214,0.024,0.039,-33,-0.51,0.079,,0,0,0,0
2020-09-22,8426,4078,6554,1275,67,0,3006,597,2020-09-25,normale,-2476,-29.39,67,0.8,2409,28.59,-957,-1044,-1448,404,1.31,0.669,0.969,0.055,0,0.08,0.724,,0,0,0,0
2020-09-29,7324,4119,6170,556,0,70,2649,528,2020-10-02,normale,-2051,-28,-70,-0.96,2121,28.96,-1102,41,-384,425,1.38,0.68,0.969,0.093,-137,-1.75,0.047,2020-09-25,0,0,0,0
2020-10-06,7511,4460,6595,355,0,70,2696,491,2020-10-09,normale,-2135,-28.42,-70,-0.93,2205,29.36,187,341,425,-84,-0.42,0.465,0.326,0.077,0,0.02,0.674,,0,0,0,0
2020-10-13,9353,5902,8307,490,0,70,2961,486,2020-10-16,normale,-2405,-25.71,-70,-0.75,2475,26.46,1842,1442,1712,-270,2.71,0.823,0.1,0.214,0,0.18,0.777,,0,0,0,0
2020-10-20,10896,7330,9991,466,28,70,3072,369,2020-10-23,normale,-2661,-24.42,-42,-0.39,2703,24.81,1543,1428,1684,-256,1.29,0.656,0.122,0.326,28,0.36,0.809,,0,0,0,0
2020-10-27,12665,8550,11873,314,261,0,3540,478,2020-10-30,normale,-3323,-26.24,261,2.06,3062,24.18,1769,1220,1882,-662,-1.82,0.295,0.015,0.173,303,2.45,0.977,,0,0,0,0
2020-11-03,11278,7552,10628,155,166,70,3405,425,2020-11-06,normale,-3076,-27.27,96,0.85,2980,26.42,-1387,-998,-1245,247,-1.04,0.391,0.902,0.127,-165,-1.21,0.068,2020-10-30,0,0,0,0
2020-11-10,11311,8057,10353,293,122,70,2839,595,2020-11-13,normale,-2296,-20.3,52,0.46,2244,19.84,33,505,-275,780,6.98,0.985,0.985,0.526,-44,-0.39,0.112,,0,0,0,1
2020-11-17,11509,7915,10426,316,168,70,3110,697,2020-11-20,normale,-2511,-21.82,98,0.85,2413,20.97,198,-142,73,-215,-1.52,0.304,0.156,0.456,46,0.39,0.822,,0,0,0,0
2020-11-24,12336,8285,10737,742,205,70,3104,787,2020-11-27,normale,-2452,-19.88,135,1.09,2317,18.78,827,370,311,59,1.94,0.757,0.662,0.54,37,0.24,0.779,,0,0,0,0
2020-12-01,11812,7387,10389,873,218,89,3334,461,2020-12-04,normale,-3002,-25.41,129,1.09,2873,24.32,-524,-898,-348,-550,-5.54,0.051,0.036,0.261,-6,0,0.241,2020-11-27,0,0,0,0
2020-12-08,11750,6880,10102,1059,408,83,3403,506,2020-12-11,normale,-3222,-27.42,325,2.77,2897,24.66,-62,-507,-287,-220,-2.01,0.268,0.159,0.122,196,1.67,0.964,,0,0,0,0
2020-12-15,11370,6400,9360,1334,502,70,3134,606,2020-12-18,normale,-2960,-26.03,432,3.8,2528,22.23,-380,-480,-742,262,1.39,0.683,0.914,0.2,107,1.03,0.942,,0,0,0,0
2020-12-21,12603,7308,10998,852,565,90,3878,663,2020-12-25,normale,-3690,-29.28,475,3.77,3215,25.51,1233,908,1638,-730,-3.25,0.129,0.007,0.057,43,-0.03,0.229,,0,0,0,0
2020-12-29,10653,6448,9281,562,478,90,3165,720,2021-01-01,normale,-2833,-26.59,388,3.64,2445,22.95,-1950,-860,-1717,857,2.69,0.823,0.986,0.176,-87,-0.13,0.177,2020-12-25,0,0,0,0
2021-01-05,11296,6939,9924,508,506,90,3343,774,2021-01-08,normale,-2985,-26.43,416,3.68,2569,22.74,643,491,643,-152,0.17,0.528,0.243,0.189,28,0.04,0.655,,0,0,0,0
2021-01-12,12039,7306,10639,677,380,90,3676,633,2021-01-15,normale,-3333,-27.69,290,2.41,3043,25.28,743,367,715,-348,-1.26,0.385,0.098,0.118,-126,-1.27,0.063,,0,0,0,0
2021-01-19,11945,7406,10535,574,436,90,3529,746,2021-01-22,normale,-3129,-26.2,346,2.9,2783,23.3,-94,100,-104,204,1.49,0.694,0.854,0.207,56,0.49,0.847,,0,0,0,0
2021-01-26,10787,6314,9095,840,457,96,3176,756,2021-01-29,normale,-2781,-25.78,361,3.35,2420,22.43,-1158,-1092,-1440,348,0.41,0.545,0.938,0.253,15,0.45,0.834,,0,0,0,0
2021-02-02,9469,5342,8016,630,427,172,3070,651,2021-02-05,normale,-2674,-28.24,255,2.69,2419,25.55,-1318,-972,-1079,107,-2.46,0.212,0.774,0.088,-106,-0.65,0.082,2021-01-29,0,0,0,0
2021-02-09,11055,6327,9171,926,379,203,3423,755,2021-02-12,normale,-2844,-25.73,176,1.59,2668,24.13,1586,985,1155,-170,2.51,0.816,0.221,0.264,-79,-1.1,0.075,,0,0,0,0
2021-02-16,11426,6672,9565,881,365,220,3508,760,2021-02-19,normale,-2893,-25.32,145,1.27,2748,24.05,371,345,394,-49,0.41,0.541,0.399,0.315,-31,-0.32,0.155,,0,0,0,0
2021-02-23,10572,6559,8644,751,370,269,2892,908,2021-02-26,normale,-2085,-19.72,101,0.96,1984,18.77,-854,-113,-921,808,5.6,0.946,0.98,0.58,-44,-0.31,0.161,,0,0,0,0
2021-03-02,8068,4467,6318,728,408,193,2465,829,2021-03-05,normale,-1851,-22.94,215,2.66,1636,20.28,-2504,-2092,-2326,234,-3.22,0.133,0.867,0.457,114,1.71,0.967,2021-02-26,0,0,0,0
2021-03-09,8785,4944,6857,796,410,260,2635,872,2021-03-12,normale,-1913,-21.78,150,1.71,1763,20.07,717,477,539,-62,1.17,0.629,0.384,0.507,-65,-0.96,0.079,,0,0,0,0
2021-03-16,9335,4797,7449,1004,479,165,3055,717,2021-03-19,normale,-2652,-28.41,314,3.36,2338,25.05,550,-147,592,-739,-6.63,0.033,0.007,0.085,164,1.66,0.954,,0,0,1,0
2021-03-23,9897,5541,7946,979,549,178,2828,794,2021-03-26,normale,-2405,-24.3,371,3.75,2034,20.55,562,744,497,247,4.11,0.902,0.879,0.396,57,0.38,0.797,,0,0,0,0
2021-03-30,9322,5676,7891,552,498,203,2596,676,2021-04-02,normale,-2215,-23.76,295,3.16,1920,20.6,-575,135,-55,190,0.54,0.558,0.825,0.413,-76,-0.58,0.097,2021-03-26,0,0,0,0
2021-04-06,9865,5938,8230,681,504,204,2742,750,2021-04-09,normale,-2292,-23.23,300,3.04,1992,20.19,543,262,339,-77,0.53,0.555,0.355,0.449,5,-0.12,0.213,,0,0,0,0
2021-04-13,9653,5788,8253,499,546,206,2820,695,2021-04-16,normale,-2465,-25.54,340,3.52,2125,22.01,-212,-150,23,-173,-2.3,0.224,0.212,0.287,40,0.48,0.84,,0,0,0,0
2021-04-20,8817,5147,7419,488,530,199,2652,711,2021-04-23,normale,-2272,-25.77,331,3.75,1941,22.01,-836,-641,-834,193,-0.23,0.484,0.828,0.253,-9,0.23,0.752,,0,0,0,0
2021-04-27,8429,4431,6340,855,458,203,2685,1031,2021-04-30,normale,-1909,-22.65,255,3.03,1654,19.62,-388,-716,-1079,363,3.12,0.835,0.937,0.478,-76,-0.73,0.082,,0,0,0,0
2021-05-04,8306,4964,6728,586,470,124,2286,868,2021-05-07,normale,-1764,-21.24,346,4.17,1418,17.07,-123,533,388,145,1.41,0.686,0.786,0.544,91,1.14,0.943,2021-04-30,0,0,0,0
2021-05-11,8259,4663,6601,722,722,115,2152,821,2021-05-14,normale,-1938,-23.47,607,7.35,1331,16.12,-47,-301,-127,-174,-2.23,0.238,0.203,0.435,261,3.18,0.994,,0,0,0,0
2021-05-18,9160,6275,7234,709,357,372,1819,845,2021-05-21,normale,-959,-10.47,-15,-0.16,974,10.63,901,1612,633,979,13,1,0.994,0.858,-622,-7.51,0,,0,0,0,1
2021-05-25,8893,5024,6696,1167,631,216,2071,814,2021-05-28,normale,-1672,-18.8,415,4.67,1257,14.13,-267,-1251,-538,-713,-8.33,0.012,0.019,0.632,430,4.83,1,,0,0,1,0
2021-06-01,7318,4369,5811,558,491,171,1900,778,2021-06-04,normale,-1442,-19.7,320,4.37,1122,15.33,-1575,-655,-885,230,-0.9,0.399,0.853,0.604,-95,-0.29,0.184,2021-05-28,0,0,0,0
2021-06-08,7566,4804,5985,624,235,132,1903,825,2021-06-11,normale,-1181,-15.61,103,1.36,1078,14.25,248,435,174,261,4.1,0.896,0.89,0.739,-217,-3.01,0.012,,0,0,0,0
2021-06-15,7528,4320,5929,726,631,142,1851,731,2021-06-18,normale,-1609,-21.37,489,6.5,1120,14.88,-38,-484,-56,-428,-5.76,0.055,0.067,0.524,386,5.13,1,,0,0,0,0
2021-06-22,7914,4502,6030,854,645,142,1913,888,2021-06-25,normale,-1528,-19.31,503,6.36,1025,12.95,386,182,101,81,2.07,0.771,0.681,0.605,14,-0.14,0.217,,0,0,0,0
2021-06-29,6788,3798,5143,703,672,127,1615,815,2021-07-02,normale,-1345,-19.81,545,8.03,800,11.79,-1126,-704,-887,183,-0.51,0.443,0.802,0.589,42,1.67,0.94,2021-06-25,0,0,0,0
2021-07-06,6889,4018,5289,706,562,112,1603,782,2021-07-09,normale,-1271,-18.45,450,6.53,821,11.92,101,220,146,74,1.36,0.667,0.655,0.645,-95,-1.5,0.065,,0,0,0,0
2021-07-13,7129,4476,5643,566,545,104,1542,816,2021-07-16,normale,-1167,-16.37,441,6.19,726,10.18,240,458,354,104,2.08,0.775,0.734,0.694,-9,-0.35,0.154,,0,0,0,0
2021-07-20,8283,5404,6596,707,608,112,1564,868,2021-07-23,normale,-1192,-14.39,496,5.99,696,8.4,1154,928,953,-25,1.98,0.753,0.453,0.778,55,-0.2,0.218,,0,0,0,0
2021-07-27,7802,3743,5315,1637,730,102,1692,748,2021-07-30,normale,-1572,-20.15,628,8.05,944,12.1,-481,-1661,-1281,-380,-5.76,0.058,0.094,0.57,132,2.06,0.959,,0,0,0,0
2021-08-03,6408,3867,5157,388,548,102,1605,761,2021-08-06,normale,-1290,-20.13,446,6.96,844,13.17,-1394,124,-158,282,0.02,0.488,0.913,0.572,-182,-1.09,0.087,2021-07-30,0,0,0,0
2021-08-10,6769,4368,5472,341,286,198,1774,758,2021-08-13,normale,-1104,-16.31,88,1.3,1016,15.01,361,501,315,186,3.82,0.867,0.803,0.701,-358,-5.66,0.012,,0,0,0,0
2021-08-17,7363,4804,5530,403,293,614,1863,816,2021-08-20,normale,-726,-9.86,-321,-4.36,1047,14.22,594,436,58,378,6.45,0.977,0.937,0.874,-409,-5.66,0.017,,0,0,0,1
2021-08-24,7515,4492,5606,765,335,364,1923,780,2021-08-27,normale,-1114,-14.82,-29,-0.39,1143,15.21,152,-312,76,-388,-4.96,0.091,0.091,0.756,292,3.97,0.989,,0,0,0,0
2021-08-31,6362,4066,5158,218,358,395,1720,591,2021-09-03,normale,-1092,-17.16,-37,-0.58,1129,17.75,-1153,-426,-448,22,-2.34,0.216,0.511,0.667,-8,-0.2,0.233,2021-08-27,0,0,0,0
2021-09-07,6659,4170,5264,279,360,475,1850,641,2021-09-10,normale,-1094,-16.43,-115,-1.73,1209,18.16,297,104,106,-2,0.74,0.588,0.492,0.68,-78,-1.15,0.09,,0,0,0,0
2021-09-14,6620,3866,5053,558,385,299,1811,710,2021-09-17,normale,-1187,-17.93,86,1.3,1101,16.63,-39,-304,-211,-93,-1.5,0.309,0.331,0.648,201,3.03,0.972,,0,0,0,0
2021-09-21,7348,4376,5401,737,390,364,1845,846,2021-09-24,normale,-1025,-13.95,26,0.35,999,13.6,728,510,348,162,3.98,0.877,0.771,0.794,-60,-0.95,0.112,,0,0,0,0
2021-09-28,7039,4539,5422,541,479,301,1480,775,2021-10-01,normale,-883,-12.54,178,2.53,705,10.02,-309,163,21,142,1.4,0.672,0.756,0.834,152,2.17,0.95,2021-09-24,0,0,0,0
2021-10-05,8886,5581,7099,948,599,45,1758,794,2021-10-08,normale,-1518,-17.08,554,6.23,964,10.85,1847,1042,1677,-635,-4.54,0.099,0.033,0.659,376,3.71,0.978,,0,0,0,0
2021-10-12,10918,6844,8270,1634,689,134,1751,880,2021-10-15,normale,-1426,-13.06,555,5.08,871,7.98,2032,1263,1171,92,4.02,0.879,0.692,0.82,1,-1.15,0.088,,0,0,0,0
2021-10-19,13605,7069,9915,2182,486,240,3868,1268,2021-10-22,normale,-2846,-20.92,246,1.81,2600,19.11,2687,225,1645,-1420,-7.86,0.027,0.005,0.5,-309,-3.28,0.022,,0,0,1,0
2021-10-26,16671,7121,11533,3768,972,389,4810,981,2021-10-29,normale,-4412,-26.47,583,3.5,3829,22.97,3066,52,1618,-1566,-5.55,0.065,0,0.162,337,1.69,0.924,,0,0,0,0
2021-11-02,13512,9062,10674,1780,727,306,1943,752,2021-11-05,normale,-1612,-11.93,421,3.12,1191,8.81,-3159,1941,-859,2800,14.53,1,1,0.849,-162,-0.38,0.173,2021-10-29,0,0,0,1
2021-11-09,13821,9258,10725,1926,566,343,2071,827,2021-11-12,normale,-1467,-10.61,223,1.61,1244,9,309,196,51,145,1.32,0.645,0.766,0.866,-198,-1.5,0.075,,0,0,0,0
2021-11-16,13648,8649,10127,2313,678,321,2008,887,2021-11-19,normale,-1478,-10.83,357,2.62,1121,8.21,-173,-609,-598,-11,-0.22,0.476,0.468,0.856,134,1,0.882,,0,0,0,0
2021-11-23,14357,9054,9214,2243,966,237,2094,2663,2021-11-26,normale,-160,-1.11,729,5.08,-569,-3.96,709,405,-913,1318,9.71,0.989,0.989,1,372,2.46,0.952,,0,0,0,1
2021-11-30,13197,9526,11217,1037,823,126,1811,817,2021-12-03,normale,-1691,-12.81,697,5.28,994,7.53,-1160,472,2003,-1531,-11.7,0.005,0.011,0.811,-32,0.2,0.709,2021-11-26,0,0,1,0
2021-12-07,13242,9580,10488,1537,457,340,1668,877,2021-12-10,normale,-908,-6.86,117,0.88,791,5.97,45,54,-729,783,5.96,0.953,0.963,0.942,-580,-4.4,0.021,,0,0,0,1
2021-12-14,13518,9795,10567,1737,421,164,1565,1050,2021-12-17,normale,-772,-5.71,257,1.9,515,3.81,276,215,79,136,1.15,0.602,0.743,0.958,140,1.02,0.88,,0,0,0,0
2021-12-21,12852,8594,9472,2095,408,369,1755,916,2021-12-24,normale,-878,-6.83,39,0.3,839,6.53,-666,-1201,-1095,-106,-1.12,0.37,0.307,0.938,-218,-1.6,0.068,,0,0,0,0
2021-12-28,12468,8729,9271,1699,434,658,1606,840,2021-12-31,normale,-542,-4.35,-224,-1.8,766,6.14,-384,135,-201,336,2.48,0.788,0.912,0.964,-263,-2.1,0.052,,0,0,0,0
2022-01-04,10563,7767,8371,861,437,530,1498,801,2022-01-07,normale,-604,-5.72,-93,-0.88,697,6.6,-1905,-962,-900,-62,-1.37,0.325,0.374,0.949,131,0.92,0.861,2021-12-31,0,0,0,0
2022-01-11,10855,8025,8402,1042,347,529,1441,882,2022-01-14,normale,-377,-3.47,-182,-1.68,559,5.15,292,258,31,227,2.25,0.769,0.836,0.969,-89,-0.8,0.138,,0,0,0,0
2022-01-18,11468,8417,8966,1289,355,377,1407,836,2022-01-21,normale,-549,-4.79,-22,-0.19,571,4.98,613,392,564,-172,-1.31,0.347,0.219,0.949,160,1.48,0.903,,0,0,0,0
2022-01-25,11756,8678,8712,1324,285,763,1469,957,2022-01-28,normale,-34,-0.29,-478,-4.07,512,4.36,288,261,-254,515,4.5,0.909,0.944,1,-456,-3.87,0.025,,0,0,0,0
2022-02-01,9948,7984,7843,428,304,795,1232,882,2022-02-04,normale,141,1.42,-491,-4.94,350,3.52,-1808,-694,-869,175,1.71,0.707,0.78,1,-13,-0.87,0.141,2022-01-28,0,1,0,0
2022-02-08,9886,7751,8070,285,376,565,1474,966,2022-02-11,normale,-319,-3.23,-189,-1.91,508,5.14,-62,-233,227,-460,-4.64,0.106,0.075,0.965,302,3.02,0.965,,1,0,0,0
2022-02-15,10646,8307,8522,606,369,582,1364,936,2022-02-18,normale,-215,-2.02,-213,-2,428,4.02,760,556,452,104,1.21,0.615,0.703,0.98,-24,-0.09,0.3,,0,0,0,0
2022-02-22,11007,8501,8784,846,322,578,1338,799,2022-02-25,normale,-283,-2.57,-256,-2.33,539,4.9,361,194,262,-68,-0.55,0.418,0.363,0.97,-43,-0.33,0.224,,0,0,0,0
2022-03-01,9980,7981,7901,480,321,838,1198,761,2022-03-04,normale,80,0.8,-517,-5.18,437,4.38,-1027,-520,-883,363,3.37,0.832,0.918,0.995,-261,-2.85,0.04,2022-02-25,0,1,0,0
2022-03-08,9591,7760,7495,609,272,694,950,793,2022-03-11,normale,265,2.76,-422,-4.4,157,1.64,-389,-221,-406,185,1.96,0.734,0.788,1,95,0.78,0.833,,0,0,0,0
2022-03-15,10198,7989,7799,901,279,732,1029,766,2022-03-18,normale,190,1.86,-453,-4.44,263,2.58,607,229,304,-75,-0.9,0.387,0.343,0.995,-31,-0.04,0.328,,0,0,0,0
2022-03-22,11274,8425,8425,1260,326,807,1263,782,2022-03-25,normale,0,0,-481,-4.27,481,4.27,1076,436,626,-190,-1.86,0.273,0.185,0.981,-28,0.18,0.698,,0,0,0,0
2022-03-29,12024,9722,9993,617,383,794,1302,620,2022-04-01,normale,-271,-2.25,-411,-3.42,682,5.67,750,1297,1568,-271,-2.25,0.228,0.131,0.957,70,0.85,0.845,2022-03-25,1,0,0,0
2022-04-05,11374,8811,9055,804,437,834,1322,681,2022-04-08,normale,-244,-2.15,-397,-3.49,641,5.64,-650,-911,-938,27,0.11,0.498,0.529,0.957,14,-0.07,0.309,,0,0,0,0
2022-04-12,10632,8207,8040,985,382,821,1058,786,2022-04-15,normale,167,1.57,-439,-4.13,272,2.56,-742,-604,-1015,411,3.72,0.851,0.938,0.99,-42,-0.64,0.163,,0,1,0,0
2022-04-19,11276,8263,8457,1450,408,583,1155,786,2022-04-22,normale,-194,-1.72,-175,-1.55,369,3.27,644,56,417,-361,-3.29,0.134,0.11,0.962,264,2.58,0.952,,1,0,0,0
2022-04-26,10709,8529,8117,888,350,776,942,928,2022-04-29,normale,412,3.85,-426,-3.98,14,0.13,-567,266,-340,606,5.57,0.933,0.957,1,-251,-2.43,0.052,,0,1,0,0
2022-05-03,10051,8121,7733,765,298,727,867,826,2022-05-06,normale,388,3.86,-429,-4.27,41,0.41,-658,-408,-384,-24,0.01,0.479,0.445,1,-3,-0.29,0.251,2022-04-29,0,0,0,0
2022-05-10,10841,8789,8086,836,227,1016,989,903,2022-05-13,normale,703,6.48,-789,-7.28,86,0.79,790,668,353,315,2.62,0.802,0.896,1,-360,-3.01,0.038,,0,0,0,0
2022-05-17,11644,9564,8758,805,194,1069,1081,1012,2022-05-20,normale,806,6.92,-875,-7.51,69,0.59,803,775,672,103,0.44,0.526,0.69,1,-86,-0.24,0.268,,0,0,0,0
2022-05-24,11729,9723,8874,793,141,958,1072,1104,2022-05-27,normale,849,7.24,-817,-6.97,-32,-0.27,85,159,116,43,0.32,0.509,0.556,1,58,0.55,0.808,,0,0,0,0
2022-05-31,10900,8680,8277,1028,159,662,1033,933,2022-06-03,normale,403,3.7,-503,-4.61,100,0.92,-829,-1043,-597,-446,-3.54,0.126,0.074,0.977,314,2.35,0.94,2022-05-27,0,0,0,0
2022-06-07,10990,8959,8469,799,169,698,1063,1024,2022-06-10,normale,490,4.46,-529,-4.81,39,0.35,90,279,192,87,0.76,0.579,0.653,0.986,-26,-0.2,0.273,,0,0,0,0
2022-06-14,12242,9996,8935,1176,62,1009,1008,1122,2022-06-17,normale,1061,8.67,-947,-7.74,-114,-0.93,1252,1037,466,571,4.21,0.903,0.952,1,-418,-2.92,0.041,,0,0,0,0
2022-06-21,13537,10495,9449,1916,78,1073,1048,1099,2022-06-24,normale,1046,7.73,-995,-7.35,-51,-0.38,1295,499,514,-15,-0.94,0.376,0.454,0.995,-48,0.39,0.752,,0,0,0,0
2022-06-28,13707,11137,10052,1565,115,1062,890,1028,2022-07-01,normale,1085,7.92,-947,-6.91,-138,-1.01,170,642,603,39,0.19,0.502,0.543,0.995,48,0.44,0.772,2022-06-24,0,0,0,0
2022-07-05,13258,10642,10222,1400,158,620,1058,1016,2022-07-08,normale,420,3.17,-462,-3.48,42,0.32,-449,-495,170,-665,-4.75,0.095,0.036,0.955,485,3.42,0.977,,0,0,0,0
2022-07-12,13505,10325,10496,1717,216,417,1247,875,2022-07-15,normale,-171,-1.27,-201,-1.49,372,2.75,247,-317,274,-591,-4.43,0.109,0.054,0.914,261,2,0.923,,1,0,0,0
2022-07-19,14512,10909,11415,1729,514,580,1360,788,2022-07-22,normale,-506,-3.49,-66,-0.45,572,3.94,1007,584,919,-335,-2.22,0.243,0.131,0.857,135,1.03,0.874,,0,0,0,0
2022-07-26,14957,9778,9899,3570,449,567,1160,921,2022-07-29,normale,-121,-0.81,-118,-0.79,239,1.6,445,-1131,-1516,385,2.68,0.807,0.924,0.92,-52,-0.33,0.224,,0,0,0,0
2022-08-02,12849,9740,10321,1270,754,510,1085,748,2022-08-05,normale,-581,-4.52,244,1.9,337,2.62,-2108,-38,422,-460,-3.71,0.129,0.078,0.84,362,2.69,0.955,2022-07-29,0,0,0,0
2022-08-09,12510,9294,9524,1743,439,510,1034,733,2022-08-12,normale,-230,-1.84,-71,-0.57,301,2.41,-339,-446,-797,351,2.68,0.809,0.902,0.903,-315,-2.47,0.058,,0,0,0,0
2022-08-16,12423,9284,9377,1687,250,510,1202,849,2022-08-19,normale,-93,-0.75,-260,-2.09,353,2.84,-87,-10,-147,137,1.09,0.602,0.73,0.921,-189,-1.53,0.093,,0,0,0,0
2022-08-23,13302,10778,9814,1333,50,1249,1141,906,2022-08-26,normale,964,7.25,-1199,-9.01,235,1.77,879,1494,437,1057,8,0.978,0.987,0.987,-939,-6.92,0.009,,0,1,0,1
2022-08-30,14440,11777,10481,1592,75,1402,996,965,2022-09-02,normale,1296,8.98,-1327,-9.19,31,0.21,1138,999,667,332,1.73,0.706,0.886,1,-128,-0.18,0.294,2022-08-26,0,0,0,0
2022-09-06,15337,12743,11421,1575,63,1364,956,977,2022-09-09,normale,1322,8.62,-1301,-8.48,-21,-0.14,897,966,940,26,-0.36,0.437,0.511,0.991,26,0.71,0.812,,0,0,0,0
2022-09-13,13089,10268,10142,1331,546,866,944,750,2022-09-16,normale,126,0.96,-320,-2.44,194,1.48,-2248,-2475,-1279,-1196,-7.66,0.03,0.017,0.922,981,6.04,1,,0,0,1,0
2022-09-20,13880,11157,10580,1371,245,1057,1107,872,2022-09-23,normale,577,4.16,-812,-5.85,235,1.69,791,889,438,451,3.19,0.823,0.935,0.957,-492,-3.41,0.03,,0,0,0,0
2022-09-27,14271,11902,10878,1244,64,1285,1061,864,2022-09-30,normale,1024,7.18,-1221,-8.56,197,1.38,391,745,298,447,3.02,0.815,0.931,0.97,-409,-2.71,0.056,,0,0,0,0
2022-10-04,14230,11481,11513,1095,363,784,1291,838,2022-10-07,normale,-32,-0.22,-421,-2.96,453,3.18,-41,-421,635,-1056,-7.4,0.034,0.021,0.902,800,5.6,0.996,2022-09-30,1,0,1,0
2022-10-11,15756,12704,11847,2012,33,1110,1007,787,2022-10-14,normale,857,5.44,-1077,-6.84,220,1.4,1526,1223,334,889,5.66,0.94,0.974,0.957,-656,-3.88,0.026,,0,1,0,0
2022-10-18,14228,10710,10688,1994,120,785,1404,761,2022-10-21,normale,22,0.15,-665,-4.67,643,4.52,-1528,-1994,-1159,-835,-5.28,0.081,0.026,0.903,412,2.16,0.919,,0,0,0,0
2022-10-25,14854,11084,11061,1993,601,981,1176,819,2022-10-28,normale,23,0.15,-380,-2.56,357,2.4,626,374,373,1,0,0.47,0.483,0.903,285,2.12,0.915,,0,0,0,0
2022-11-01,12183,8967,9419,1592,406,422,1218,750,2022-11-04,normale,-452,-3.71,-16,-0.13,468,3.84,-2671,-2117,-1642,-475,-3.86,0.135,0.08,0.807,364,2.43,0.928,2022-10-28,1,0,0,0
2022-11-08,14439,11303,11285,1667,200,649,1269,838,2022-11-11,normale,18,0.12,-449,-3.11,431,2.98,2256,2336,1866,470,3.83,0.857,0.933,0.895,-433,-2.98,0.05,,0,1,0,0
2022-11-15,17901,14096,13525,2437,137,1051,1231,888,2022-11-18,normale,571,3.19,-914,-5.11,343,1.92,3462,2793,2240,553,3.07,0.812,0.941,0.933,-465,-2,0.096,,0,0,0,0
2022-11-22,18354,14231,13525,2614,104,1113,1405,1102,2022-11-25,normale,706,3.85,-1009,-5.5,303,1.65,453,135,0,135,0.66,0.554,0.708,0.938,-95,-0.39,0.213,,0,0,0,0
2022-11-29,16832,13783,13459,1686,127,907,1236,780,2022-12-02,normale,324,1.92,-780,-4.63,456,2.71,-1522,-448,-66,-382,-1.92,0.278,0.124,0.917,229,0.86,0.826,2022-11-25,0,0,0,0
2022-12-06,15769,12651,12584,1447,306,874,1365,864,2022-12-09,normale,67,0.42,-568,-3.6,501,3.18,-1063,-1132,-875,-257,-1.5,0.306,0.174,0.893,212,1.03,0.851,,0,0,0,0
2022-12-13,13989,10666,10706,1591,403,812,1329,880,2022-12-16,normale,-40,-0.29,-409,-2.92,449,3.21,-1780,-1985,-1878,-107,-0.71,0.399,0.309,0.869,159,0.68,0.79,,1,0,0,0
2022-12-20,14563,11268,10951,1830,146,941,1319,841,2022-12-23,normale,317,2.18,-795,-5.46,478,3.28,574,602,245,357,2.46,0.77,0.885,0.918,-386,-2.54,0.074,,0,1,0,0
2022-12-27,16028,12361,11668,2333,43,1082,1291,945,2022-12-30,normale,693,4.32,-1039,-6.48,346,2.16,1465,1093,717,376,2.15,0.751,0.894,0.951,-244,-1.02,0.159,,0,0,0,0
2023-01-03,14530,11747,11358,1607,73,651,1103,914,2023-01-06,normale,389,2.68,-578,-3.98,189,1.3,-1498,-614,-310,-304,-1.65,0.289,0.146,0.915,461,2.5,0.939,2022-12-30,0,0,0,0
2023-01-10,14891,11989,12583,1116,447,476,1339,716,2023-01-13,normale,-594,-3.99,-29,-0.19,623,4.18,361,242,1225,-983,-6.67,0.04,0.024,0.774,549,3.78,0.98,,1,0,1,0
2023-01-17,15885,12456,13083,1038,951,614,1440,1150,2023-01-20,normale,-627,-3.95,337,2.12,290,1.83,994,467,500,-33,0.04,0.484,0.427,0.775,366,2.32,0.915,,0,0,0,0
2023-01-24,17390,13036,14473,1522,1365,453,1467,942,2023-01-27,normale,-1437,-8.26,912,5.24,525,3.02,1505,580,1390,-810,-4.32,0.116,0.032,0.692,575,3.12,0.96,,0,0,0,0
2023-01-31,17542,13599,15398,1015,1293,373,1635,756,2023-02-03,normale,-1799,-10.26,920,5.24,879,5.01,152,563,925,-362,-1.99,0.272,0.136,0.661,8,0,0.568,2023-01-27,0,0,0,0
2023-02-07,16843,13170,14348,1299,930,363,1444,833,2023-02-10,normale,-1178,-6.99,567,3.37,611,3.63,-699,-429,-1050,621,3.26,0.833,0.956,0.722,-353,-1.88,0.104,,0,0,0,0
2023-02-14,15158,11775,12558,1326,789,424,1268,850,2023-02-17,normale,-783,-5.17,365,2.41,418,2.76,-1685,-1395,-1790,395,1.83,0.706,0.905,0.751,-202,-0.96,0.163,,0,0,0,0
2023-02-21,16501,12188,13000,2105,810,372,1398,1024,2023-02-24,normale,-812,-4.92,438,2.65,374,2.27,1343,413,442,-29,0.24,0.51,0.431,0.752,73,0.25,0.688,,0,0,0,0
2023-02-28,15161,11921,12520,1295,713,427,1232,919,2023-03-03,normale,-599,-3.95,286,1.89,313,2.06,-1340,-267,-480,213,0.97,0.583,0.787,0.776,-152,-0.77,0.181,2023-02-24,0,0,0,0
2023-03-07,12821,10107,10066,1298,326,478,1090,979,2023-03-10,normale,41,0.32,-152,-1.19,111,0.87,-2340,-1814,-2454,640,4.27,0.91,0.957,0.883,-438,-3.07,0.039,,0,1,0,0
2023-03-14,13472,10584,10686,1411,229,512,1248,863,2023-03-17,normale,-102,-0.76,-283,-2.1,385,2.86,651,477,620,-143,-1.08,0.367,0.281,0.848,-131,-0.92,0.176,,1,0,0,0
2023-03-21,14049,10851,11472,1319,429,532,1450,726,2023-03-24,normale,-621,-4.42,-103,-0.73,724,5.15,577,267,786,-519,-3.66,0.14,0.078,0.756,180,1.37,0.86,,0,0,0,0
2023-03-28,14409,11168,11444,1529,263,534,1449,902,2023-03-31,normale,-276,-1.92,-271,-1.88,547,3.8,360,317,-28,345,2.5,0.779,0.864,0.826,-168,-1.15,0.147,,0,0,0,0
2023-04-04,13380,10415,11030,1205,302,485,1458,660,2023-04-07,normale,-615,-4.6,-183,-1.37,798,5.96,-1029,-753,-414,-339,-2.68,0.185,0.151,0.746,88,0.51,0.753,2023-03-31,0,0,0,0
2023-04-11,15977,12216,13338,1362,857,484,1542,793,2023-04-14,normale,-1122,-7.02,373,2.33,749,4.69,2597,1801,2308,-507,-2.43,0.215,0.081,0.697,556,3.7,0.969,,0,0,0,0
2023-04-18,15385,11629,12118,1871,517,693,1368,703,2023-04-21,normale,-489,-3.18,-176,-1.14,665,4.32,-592,-587,-1220,633,3.84,0.866,0.954,0.794,-549,-3.48,0.031,,0,0,0,0
2023-04-25,14064,9566,9859,2724,410,706,1364,775,2023-04-28,normale,-293,-2.08,-296,-2.1,589,4.19,-1321,-2063,-2259,196,1.1,0.603,0.767,0.817,-120,-0.96,0.168,,0,0,0,0
2023-05-02,12521,9685,9517,1288,289,1108,1259,608,2023-05-05,normale,168,1.34,-819,-6.54,651,5.2,-1543,119,-342,461,3.43,0.844,0.92,0.898,-523,-4.44,0.019,2023-04-28,0,1,0,0
2023-05-09,13102,10027,9604,1508,233,1364,1334,626,2023-05-12,normale,423,3.23,-1131,-8.63,708,5.4,581,342,87,255,1.89,0.705,0.814,0.932,-312,-2.09,0.098,,0,0,0,0
2023-05-16,13043,10055,9044,1491,163,1626,1334,882,2023-05-19,normale,1011,7.75,-1463,-11.22,452,3.47,-59,28,-560,588,4.52,0.921,0.943,0.985,-332,-2.58,0.079,,0,0,0,0
2023-05-23,13043,10124,9231,1544,168,1413,1207,855,2023-05-26,normale,893,6.85,-1245,-9.55,352,2.7,0,69,187,-118,-0.9,0.38,0.305,0.963,218,1.67,0.872,,0,0,0,0
2023-05-30,11715,9040,8853,1246,251,875,1178,741,2023-06-02,normale,187,1.6,-624,-5.33,437,3.73,-1328,-1084,-378,-706,-5.25,0.079,0.045,0.896,621,4.22,0.985,2023-05-26,0,0,0,0
2023-06-06,13026,10106,9337,1561,187,1383,1172,745,2023-06-09,normale,769,5.9,-1196,-9.18,427,3.28,1311,1066,484,582,4.31,0.91,0.94,0.955,-572,-3.86,0.034,,0,0,0,0
2023-06-13,13251,10086,9343,1875,122,1309,1168,724,2023-06-16,normale,743,5.61,-1187,-8.96,444,3.35,225,-20,6,-26,-0.3,0.442,0.435,0.952,9,0.22,0.677,,0,0,0,0
2023-06-20,15687,11932,11535,2246,250,1177,1259,729,2023-06-23,normale,397,2.53,-927,-5.91,530,3.38,2436,1846,2192,-346,-3.08,0.163,0.152,0.9,260,3.05,0.952,,0,0,0,0
2023-06-27,18829,13003,15097,2436,1610,620,1780,676,2023-06-30,normale,-2094,-11.12,990,5.26,1104,5.86,3142,1071,3562,-2491,-13.65,0,0,0.596,1917,11.17,1,,1,0,1,0
2023-07-03,17008,12854,14930,888,1698,566,1568,624,2023-07-07,normale,-2076,-12.21,1132,6.66,944,5.55,-1821,-149,-167,18,-1.08,0.364,0.5,0.579,142,1.4,0.849,2023-06-30,0,0,0,0
2023-07-11,16302,12322,14177,1102,1343,539,1535,484,2023-07-14,normale,-1855,-11.38,804,4.93,1051,6.45,-706,-532,-753,221,0.83,0.579,0.78,0.595,-328,-1.72,0.125,,0,0,0,0
2023-07-18,15455,11846,13007,1230,722,526,1657,692,2023-07-21,normale,-1161,-7.51,196,1.27,965,6.24,-847,-476,-1170,694,3.87,0.865,0.96,0.662,-608,-3.66,0.036,,0,0,0,0
2023-07-25,16017,11941,12586,2151,422,600,1503,680,2023-07-28,normale,-645,-4.03,-178,-1.11,823,5.14,562,95,-421,516,3.49,0.84,0.92,0.739,-374,-2.38,0.098,,0,0,0,0
2023-08-01,14860,11755,12294,1348,531,617,1226,601,2023-08-04,normale,-539,-3.63,-86,-0.58,625,4.21,-1157,-186,-292,106,0.4,0.514,0.667,0.755,92,0.53,0.754,2023-07-28,0,0,0,0
2023-08-08,16743,12985,14134,1426,1082,626,1250,557,2023-08-11,normale,-1149,-6.86,456,2.72,693,4.14,1883,1230,1840,-610,-3.24,0.159,0.065,0.676,542,3.3,0.957,,0,0,0,0
2023-08-15,15432,11981,12693,1550,602,588,1299,601,2023-08-18,normale,-712,-4.61,14,0.09,698,4.52,-1311,-1004,-1441,437,2.25,0.752,0.899,0.717,-442,-2.63,0.079,,0,0,0,0
2023-08-22,17262,13427,11912,2532,132,2061,1171,757,2023-08-25,normale,1515,8.78,-1929,-11.17,414,2.4,1830,1446,-781,2227,13.39,0.996,0.996,0.996,-1943,-11.27,0,,0,1,0,1
2023-08-29,16172,13177,11670,1572,146,2227,1277,703,2023-09-01,normale,1507,9.32,-2081,-12.87,574,3.55,-1090,-250,-242,-8,0.54,0.543,0.464,1,-152,-1.69,0.139,2023-08-25,0,0,0,0
2023-09-05,14962,11933,9894,1706,105,2639,1218,723,2023-09-08,normale,2039,13.63,-2534,-16.94,495,3.31,-1210,-1244,-1776,532,4.31,0.911,0.918,1,-453,-4.07,0.028,,0,0,0,0
2023-09-12,15423,11893,9661,2279,117,2660,1134,823,2023-09-15,normale,2232,14.47,-2543,-16.49,311,2.02,461,-40,-233,193,0.84,0.574,0.743,1,-9,0.45,0.727,,0,0,0,0
2023-09-19,16670,12869,11272,2480,130,2127,1191,791,2023-09-22,normale,1597,9.58,-1997,-11.98,400,2.4,1247,976,1611,-635,-4.89,0.095,0.062,0.993,546,4.51,0.982,,0,0,0,0
2023-09-26,14844,10930,9136,2572,142,2175,1200,961,2023-09-29,normale,1794,12.09,-2033,-13.7,239,1.61,-1826,-1939,-2136,197,2.51,0.771,0.75,0.993,-36,-1.72,0.141,,0,0,0,0
2023-10-03,14447,11964,10908,1127,161,1636,1195,776,2023-10-06,normale,1056,7.31,-1475,-10.21,419,2.9,-397,1034,1772,-738,-4.78,0.098,0.039,0.958,558,3.49,0.958,2023-09-29,0,0,0,0
2023-10-10,14683,11759,10608,1500,138,1800,1286,775,2023-10-13,normale,1151,7.84,-1662,-11.32,511,3.48,236,-205,-300,95,0.53,0.535,0.633,0.965,-187,-1.11,0.185,,0,0,0,0
2023-10-17,16561,12766,12439,2173,281,1276,1341,673,2023-10-20,normale,327,1.97,-995,-6.01,668,4.03,1878,1007,1831,-824,-5.86,0.052,0.031,0.872,667,5.31,0.99,,0,0,0,0
2023-10-24,19678,14814,15268,2606,641,1079,1617,725,2023-10-27,normale,-454,-2.31,-438,-2.23,892,4.53,3117,2048,2829,-781,-4.28,0.122,0.038,0.761,557,3.78,0.965,,1,0,0,0
2023-10-31,19603,15495,17241,1041,1599,696,1468,625,2023-11-03,normale,-1746,-8.91,903,4.61,843,4.3,-75,681,1973,-1292,-6.6,0.045,0.017,0.597,1341,6.83,0.997,2023-10-27,0,0,1,0
2023-11-07,21749,17253,18930,1485,1431,637,1580,697,2023-11-10,normale,-1677,-7.71,794,3.65,883,4.06,2146,1758,1689,69,1.2,0.621,0.593,0.629,-109,-0.96,0.207,,0,0,0,0
2023-11-14,21203,15939,17283,2550,1105,624,1609,746,2023-11-17,normale,-1344,-6.34,481,2.27,863,4.07,-546,-1314,-1647,333,1.37,0.649,0.842,0.664,-313,-1.38,0.165,,0,0,0,0
2023-11-21,21939,17150,18026,1971,1154,709,1664,1233,2023-11-24,normale,-876,-3.99,445,2.03,431,1.96,736,1211,743,468,2.35,0.757,0.908,0.717,-36,-0.24,0.318,,0,0,0,0
2023-11-28,23027,18979,20724,1016,1344,552,1688,735,2023-12-01,normale,-1745,-7.58,792,3.44,953,4.14,1088,1829,2698,-869,-3.59,0.15,0.031,0.626,347,1.41,0.84,2023-11-24,0,0,0,0
2023-12-05,23035,17907,20157,1592,1895,508,1641,778,2023-12-08,normale,-2250,-9.77,1387,6.02,863,3.75,8,-1072,-567,-505,-2.19,0.259,0.105,0.583,595,2.58,0.912,,0,0,0,0
2023-12-12,21211,15714,17781,2159,1684,496,1654,775,2023-12-15,normale,-2067,-9.74,1188,5.6,879,4.14,-1824,-2193,-2376,183,0.02,0.475,0.727,0.584,-199,-0.42,0.258,,0,0,0,0
2023-12-19,23239,16517,18868,2362,1771,466,2589,1543,2023-12-22,normale,-2351,-10.12,1305,5.62,1046,4.5,2028,803,1087,-284,-0.37,0.432,0.186,0.576,117,0.01,0.591,,0,0,0,0
2023-12-26,22526,16274,18576,2563,1544,452,2145,935,2023-12-29,normale,-2302,-10.22,1092,4.85,1210,5.37,-713,-243,-292,49,-0.1,0.461,0.552,0.574,-213,-0.77,0.226,,0,0,0,0
2024-01-02,23579,18295,20516,1988,1612,378,1684,697,2024-01-05,normale,-2221,-9.42,1234,5.23,987,4.19,1053,2021,1940,81,0.8,0.577,0.609,0.592,142,0.39,0.698,2023-12-29,0,0,0,0
2024-01-09,26846,20654,22272,2977,1654,875,1561,722,2024-01-12,normale,-1618,-6.03,779,2.9,839,3.13,3267,2359,1756,603,3.39,0.836,0.943,0.673,-455,-2.33,0.104,,0,0,0,0
2024-01-16,23286,17577,18571,2601,1361,1386,1747,728,2024-01-19,normale,-994,-4.27,-25,-0.11,1019,4.38,-3560,-3077,-3701,624,1.76,0.697,0.95,0.714,-804,-3.01,0.063,,0,0,0,0
2024-01-23,22815,16230,17891,3749,1223,336,1613,839,2024-01-26,normale,-1661,-7.28,887,3.89,774,3.39,-471,-1347,-680,-667,-3.01,0.176,0.066,0.639,912,4,0.97,,0,0,0,0
2024-01-30,20679,16519,18317,1472,1253,236,1435,654,2024-02-02,normale,-1798,-8.69,1017,4.92,781,3.78,-2136,289,426,-137,-1.41,0.321,0.295,0.601,130,1.03,0.811,2024-01-26,0,0,0,0
2024-02-06,20897,16280,17803,1789,1237,480,1591,825,2024-02-09,normale,-1523,-7.29,757,3.62,766,3.67,218,-239,-514,275,1.41,0.663,0.818,0.638,-260,-1.3,0.168,,0,0,0,0
2024-02-13,24769,19147,21068,2383,1514,362,1725,956,2024-02-16,normale,-1921,-7.76,1152,4.65,769,3.1,3872,2867,3265,-398,-0.47,0.421,0.141,0.62,395,1.03,0.809,,0,0,0,0
2024-02-20,25530,19624,21722,2320,1862,660,1724,828,2024-02-23,normale,-2098,-8.22,1202,4.71,896,3.51,761,477,654,-177,-0.46,0.423,0.249,0.608,50,0.06,0.61,,0,0,0,0
2024-02-27,25229,20034,22001,1710,1759,799,1726,719,2024-03-01,normale,-1967,-7.8,960,3.81,1007,3.99,-301,410,279,131,0.42,0.526,0.676,0.616,-242,-0.9,0.219,2024-02-23,0,0,0,0
2024-03-05,27747,22356,23708,2186,1500,1040,1705,813,2024-03-08,normale,-1352,-4.87,460,1.66,892,3.21,2518,2322,1707,615,2.92,0.811,0.945,0.695,-500,-2.15,0.111,,0,0,0,0
2024-03-12,30398,24977,25971,2135,1486,1427,1800,865,2024-03-15,normale,-994,-3.27,59,0.19,935,3.08,2651,2621,2263,358,1.6,0.685,0.854,0.757,-401,-1.46,0.166,,0,0,0,0
2024-03-19,33196,24683,26779,4270,2580,1327,1663,820,2024-03-22,normale,-2096,-6.31,1253,3.77,843,2.54,2798,-294,808,-1102,-3.04,0.172,0.023,0.668,1194,3.58,0.948,,0,0,0,0
2024-03-26,31238,25217,26292,2664,1534,1425,1823,857,2024-03-29,normale,-1075,-3.44,109,0.35,966,3.09,-1958,534,-487,1021,2.87,0.81,0.984,0.756,-1144,-3.43,0.045,,0,0,0,0
2024-04-02,29745,24311,24151,2302,1513,2521,1619,771,2024-04-05,normale,160,0.54,-1008,-3.39,848,2.85,-1493,-906,-2141,1235,3.98,0.881,0.987,0.853,-1117,-3.74,0.039,2024-03-29,0,1,0,0
2024-04-09,29074,23572,23725,2259,1544,2382,1699,708,2024-04-12,normale,-153,-0.53,-838,-2.88,991,3.41,-671,-739,-426,-313,-1.06,0.362,0.179,0.821,170,0.51,0.731,,1,0,0,0
2024-04-16,29526,22339,22702,4142,1513,1826,1532,856,2024-04-19,normale,-363,-1.23,-313,-1.06,676,2.29,452,-1233,-1023,-210,-0.7,0.393,0.23,0.806,525,1.82,0.866,,0,0,0,0
2024-04-23,27932,22434,22434,2670,1303,1960,1525,868,2024-04-26,normale,0,0,-657,-2.35,657,2.35,-1594,95,-268,363,1.23,0.627,0.854,0.833,-344,-1.29,0.178,,0,1,0,0
2024-04-30,24795,19569,19563,2474,1291,1821,1461,937,2024-05-03,normale,6,0.02,-530,-2.14,524,2.11,-3137,-2865,-2871,6,0.02,0.476,0.483,0.835,127,0.21,0.654,2024-04-26,0,0,0,0
2024-05-07,26155,20770,21553,2616,1181,1047,1588,939,2024-05-10,normale,-783,-2.99,134,0.51,649,2.48,1360,1201,1990,-789,-3.02,0.171,0.044,0.757,664,2.65,0.911,,1,0,0,0
2024-05-14,27077,21078,21255,3381,1099,1520,1519,921,2024-05-17,normale,-177,-0.65,-421,-1.55,598,2.21,922,308,-298,606,2.34,0.76,0.935,0.814,-555,-2.07,0.123,,0,0,0,0
2024-05-21,30694,23198,24088,4597,1313,1191,1586,818,2024-05-24,normale,-890,-2.9,122,0.4,768,2.5,3617,2120,2833,-713,-2.25,0.239,0.061,0.759,543,1.95,0.865,,0,0,0,0
2024-05-28,30255,22761,23517,4517,1214,1362,1763,859,2024-05-31,normale,-756,-2.5,-148,-0.49,904,2.99,-439,-437,-571,134,0.4,0.514,0.674,0.763,-270,-0.89,0.232,,0,0,0,0
2024-06-04,31086,24470,25589,3543,1472,1106,1601,848,2024-06-07,normale,-1119,-3.6,366,1.18,753,2.42,831,1709,2072,-363,-1.1,0.35,0.159,0.723,514,1.67,0.844,2024-05-31,0,0,0,0
2024-06-11,30503,23001,24139,4322,1548,1099,1632,943,2024-06-14,normale,-1138,-3.73,449,1.47,689,2.26,-583,-1469,-1450,-19,-0.13,0.458,0.445,0.714,83,0.29,0.667,,0,0,0,0
2024-06-18,30627,22834,23557,4899,1355,1130,1539,1041,2024-06-21,normale,-723,-2.36,225,0.73,498,1.63,124,-167,-582,415,1.37,0.652,0.879,0.765,-224,-0.74,0.245,,0,0,0,0
2024-06-25,30171,22103,22727,5448,1121,880,1499,1116,2024-06-28,normale,-624,-2.07,241,0.8,383,1.27,-456,-731,-830,99,0.29,0.508,0.636,0.781,16,0.06,0.607,,0,0,0,0
2024-07-02,27063,21270,22182,3264,1182,670,1347,947,2024-07-05,normale,-912,-3.37,512,1.89,400,1.48,-3108,-833,-545,-288,-1.3,0.333,0.191,0.732,271,1.09,0.821,2024-06-28,0,0,0,0
2024-07-09,28241,23083,23201,3059,736,824,1363,1157,2024-07-12,normale,-118,-0.42,-88,-0.31,206,0.73,1178,1813,1019,794,2.95,0.818,0.963,0.822,-600,-2.2,0.108,,0,0,0,0
2024-07-16,31183,24710,25289,3919,1091,910,1463,1065,2024-07-19,normale,-579,-1.86,181,0.58,398,1.28,2942,1627,2088,-461,-1.44,0.307,0.12,0.789,269,0.89,0.785,,0,0,0,0
2024-07-23,32435,24521,25182,5080,1236,1054,1598,1119,2024-07-26,normale,-661,-2.04,182,0.56,479,1.48,1252,-189,-107,-82,-0.18,0.456,0.355,0.777,1,-0.02,0.401,,0,0,0,0
2024-07-30,28605,24160,25162,1713,1265,938,1467,792,2024-08-02,normale,-1002,-3.5,327,1.14,675,2.36,-3830,-361,-20,-341,-1.46,0.296,0.177,0.711,145,0.58,0.744,2024-07-26,0,0,0,0
2024-08-06,27535,23954,23416,1838,579,1298,1164,983,2024-08-09,normale,538,1.95,-719,-2.61,181,0.66,-1070,-206,-1746,1540,5.46,0.945,0.994,0.885,-1046,-3.75,0.036,,0,1,0,0
2024-08-13,27874,24121,23726,1961,644,1320,1148,867,2024-08-16,normale,395,1.42,-676,-2.43,281,1.01,339,167,310,-143,-0.54,0.409,0.302,0.867,43,0.19,0.639,,0,0,0,0
2024-08-20,29630,24016,24259,3472,927,910,1215,989,2024-08-23,normale,-243,-0.82,17,0.06,226,0.76,1756,-105,533,-638,-2.24,0.233,0.079,0.801,693,2.48,0.903,,1,0,0,0
2024-08-27,29817,25105,25271,2321,1083,1215,1308,1010,2024-08-30,normale,-166,-0.56,-132,-0.44,298,1,187,1089,1012,77,0.26,0.512,0.595,0.814,-149,-0.5,0.271,,0,0,0,0
2024-09-03,26859,23349,23241,1445,998,1349,1067,824,2024-09-06,normale,108,0.4,-351,-1.31,243,0.9,-2958,-1756,-2030,274,0.96,0.592,0.805,0.85,-219,-0.86,0.234,2024-08-30,0,1,0,0
2024-09-10,28157,22969,23322,2866,1097,1012,1225,957,2024-09-13,normale,-353,-1.25,85,0.3,268,0.95,1298,-380,81,-461,-1.66,0.278,0.121,0.788,436,1.61,0.841,,1,0,0,0
2024-09-17,30995,23866,24839,4347,1544,948,1238,861,2024-09-20,normale,-973,-3.14,596,1.92,377,1.22,2838,897,1517,-620,-1.89,0.269,0.087,0.726,511,1.62,0.842,,0,0,0,0
2024-09-24,30542,23856,25402,3220,2033,940,1433,980,2024-09-27,normale,-1546,-5.06,1093,3.58,453,1.48,-453,-10,563,-573,-1.92,0.265,0.098,0.635,497,1.66,0.842,,0,0,0,0
2024-10-01,28539,23406,25090,1938,2045,592,1150,919,2024-10-04,normale,-1684,-5.9,1453,5.09,231,0.81,-2003,-450,-312,-138,-0.84,0.389,0.312,0.624,360,1.51,0.834,2024-09-27,0,0,0,0
2024-10-08,29382,24233,25515,2072,1827,955,1250,840,2024-10-11,normale,-1282,-4.36,872,2.97,410,1.4,843,827,425,402,1.54,0.692,0.87,0.661,-581,-2.12,0.115,,0,0,0,0
2024-10-15,34494,26758,28630,3999,2332,866,1405,999,2024-10-18,normale,-1872,-5.43,1466,4.25,406,1.18,5112,2525,3115,-590,-1.06,0.366,0.097,0.629,594,1.28,0.817,,0,0,0,0
2024-10-22,33562,26866,28511,3209,1969,855,1518,987,2024-10-25,normale,-1645,-4.9,1114,3.32,531,1.58,-932,108,-119,227,0.53,0.55,0.766,0.639,-352,-0.93,0.221,,0,0,0,0
2024-10-29,33787,28156,30025,2171,2019,777,1441,814,2024-11-01,normale,-1869,-5.53,1242,3.68,627,1.86,225,1290,1514,-224,-0.63,0.405,0.238,0.626,128,0.36,0.666,2024-10-25,0,0,0,0
2024-11-05,32011,26303,27760,2358,1907,980,1443,913,2024-11-08,normale,-1457,-4.55,927,2.9,530,1.66,-1776,-1853,-2265,412,0.98,0.602,0.877,0.656,-315,-0.78,0.24,,0,0,0,0
2024-11-12,38531,30887,32685,4248,1792,641,1604,957,2024-11-15,normale,-1798,-4.67,1151,2.99,647,1.68,6520,4584,4925,-341,-0.11,0.466,0.185,0.645,224,0.09,0.609,,0,0,0,0
2024-11-19,41203,31152,33236,6301,1917,623,1833,1043,2024-11-22,normale,-2084,-5.06,1294,3.14,790,1.92,2672,265,551,-286,-0.39,0.433,0.206,0.632,143,0.15,0.622,,0,0,0,0
2024-11-26,40510,30340,31536,6976,1527,1021,1667,977,2024-11-29,normale,-1196,-2.95,506,1.25,690,1.7,-693,-812,-1700,888,2.11,0.759,0.968,0.737,-788,-1.89,0.133,,0,0,0,0
2024-12-03,37021,30625,32220,3181,1615,575,1600,1045,2024-12-06,normale,-1595,-4.31,1040,2.81,555,1.5,-3489,285,684,-399,-1.36,0.318,0.15,0.669,534,1.56,0.838,2024-11-29,0,0,0,0
2024-12-10,37588,31168,31888,3072,1721,1485,1627,1143,2024-12-13,normale,-720,-1.92,236,0.63,484,1.29,567,543,-332,875,2.39,0.778,0.965,0.779,-804,-2.18,0.11,,0,0,0,0
2024-12-17,42524,33073,32902,6092,1720,2203,1639,1327,2024-12-20,normale,171,0.4,-483,-1.14,312,0.73,4936,1905,1014,891,2.32,0.77,0.971,0.857,-719,-1.76,0.141,,0,1,0,0
2024-12-24,37125,30214,30343,3312,2263,2409,1336,1061,2024-12-27,normale,-129,-0.35,-146,-0.39,275,0.74,-5399,-2859,-2559,-300,-0.75,0.387,0.201,0.823,337,0.74,0.756,,1,0,0,0
2024-12-31,33893,27828,28147,2586,2153,2197,1326,963,2025-01-03,normale,-319,-0.94,-44,-0.13,363,1.07,-3232,-2386,-2196,-190,-0.59,0.406,0.261,0.798,102,0.26,0.657,2024-12-27,0,0,0,0
2025-01-07,35079,29046,27856,3180,1506,2914,1347,1129,2025-01-10,normale,1190,3.39,-1408,-4.01,218,0.62,1186,1218,-291,1509,4.33,0.926,0.991,0.915,-1364,-3.88,0.026,,0,1,0,0
2025-01-14,35471,28966,27631,3871,1330,2850,1304,1119,2025-01-17,normale,1335,3.76,-1520,-4.29,185,0.52,392,-80,-225,145,0.37,0.523,0.69,0.918,-112,-0.27,0.332,,0,0,0,0
2025-01-21,38556,29121,28382,6324,1625,2632,1486,1218,2025-01-24,normale,739,1.92,-1007,-2.61,268,0.7,3085,155,751,-596,-1.85,0.266,0.091,0.881,513,1.67,0.861,,0,0,0,0
2025-01-28,34317,28593,27428,2581,1482,2955,1661,1353,2025-01-31,normale,1165,3.39,-1473,-4.29,308,0.9,-4239,-528,-954,426,1.48,0.684,0.876,0.913,-466,-1.68,0.155,,0,0,0,0
2025-02-04,32892,27570,26784,2449,1544,2462,1329,1197,2025-02-07,normale,786,2.39,-918,-2.79,132,0.4,-1425,-1023,-644,-379,-1.01,0.363,0.166,0.89,555,1.5,0.834,2025-01-31,0,0,0,0
2025-02-11,32949,26802,27169,2866,1834,1527,1447,1387,2025-02-14,normale,-367,-1.11,307,0.93,60,0.18,57,-768,385,-1153,-3.5,0.129,0.02,0.784,1225,3.72,0.961,,1,0,0,0
2025-02-18,33833,27367,27734,3267,1680,1539,1519,1293,2025-02-21,normale,-367,-1.08,141,0.42,226,0.67,884,565,565,0,0.03,0.49,0.487,0.785,-166,-0.51,0.272,,0,0,0,0
2025-02-25,32060,25737,25533,3354,1489,1750,1480,1423,2025-02-28,normale,204,0.64,-261,-0.81,57,0.18,-1773,-1630,-2201,571,1.72,0.712,0.911,0.852,-402,-1.23,0.187,,0,1,0,0
2025-03-04,28209,24469,23855,1617,937,1453,1186,1284,2025-03-07,normale,614,2.18,-516,-1.83,-98,-0.35,-3851,-1268,-1678,410,1.54,0.696,0.861,0.886,-255,-1.02,0.212,2025-02-28,0,0,0,0
2025-03-11,28545,24485,22956,2201,745,2046,1114,1342,2025-03-14,normale,1529,5.36,-1301,-4.56,-228,-0.8,336,16,-899,915,3.18,0.839,0.969,0.936,-785,-2.73,0.075,,0,0,0,0
2025-03-18,30213,25241,23400,2994,680,2427,1298,1392,2025-03-21,normale,1841,6.09,-1747,-5.78,-94,-0.31,1668,756,444,312,0.74,0.582,0.803,0.945,-446,-1.22,0.191,,0,0,0,0
2025-03-25,29036,24376,23197,2508,945,2095,1207,1236,2025-03-28,normale,1179,4.06,-1150,-3.96,-29,-0.1,-1177,-865,-203,-662,-2.03,0.232,0.073,0.923,597,1.82,0.87,,0,0,0,0
2025-04-01,27069,23373,22882,1718,901,1207,1077,1262,2025-04-04,normale,491,1.81,-306,-1.13,-185,-0.68,-1967,-1003,-315,-688,-2.25,0.212,0.066,0.863,844,2.83,0.926,2025-03-28,0,0,0,0
2025-04-08,26909,22388,21056,2945,591,1488,985,1420,2025-04-11,normale,1332,4.95,-897,-3.33,-435,-1.62,-160,-985,-1826,841,3.14,0.838,0.953,0.932,-591,-2.2,0.107,,0,0,0,0
2025-04-15,27126,20647,20061,4764,698,966,1017,1335,2025-04-18,normale,586,2.16,-268,-0.99,-318,-1.17,217,-1741,-995,-746,-2.79,0.164,0.047,0.874,629,2.35,0.893,,0,0,0,0
2025-04-22,28202,23058,23864,2811,1080,468,1253,1059,2025-04-25,normale,-806,-2.86,612,2.17,194,0.69,1076,2411,3803,-1392,-5.02,0.071,0.014,0.706,880,3.16,0.94,,1,0,0,0
2025-04-29,26966,22355,23586,1944,1360,445,1307,991,2025-05-02,normale,-1231,-4.57,915,3.39,316,1.17,-1236,-703,-278,-425,-1.71,0.275,0.15,0.617,303,1.22,0.807,2025-04-25,0,0,0,0
2025-05-06,27971,22936,24717,1693,1982,441,1360,1120,2025-05-09,normale,-1781,-6.37,1541,5.51,240,0.86,1005,581,1131,-550,-1.8,0.274,0.115,0.558,626,2.12,0.88,,0,0,0,0
2025-05-13,29070,23453,24280,2355,1986,438,1276,1997,2025-05-16,normale,-827,-2.84,1548,5.33,-721,-2.48,1099,517,-437,954,3.52,0.867,0.973,0.708,7,-0.18,0.358,,0,0,0,0
2025-05-20,32033,24142,26094,4304,2121,429,1466,1206,2025-05-23,normale,-1952,-6.09,1692,5.28,260,0.81,2963,689,1814,-1125,-3.25,0.135,0.024,0.563,144,-0.04,0.395,,0,0,0,0
2025-05-27,31964,24546,26820,3647,2217,445,1554,1052,2025-05-30,normale,-2274,-7.11,1772,5.54,502,1.57,-69,404,726,-322,-1.02,0.369,0.21,0.538,80,0.26,0.65,,0,0,0,0
2025-06-03,29758,24084,26396,1926,2407,458,1341,978,2025-06-06,normale,-2312,-7.77,1949,6.55,363,1.22,-2206,-462,-424,-38,-0.66,0.401,0.431,0.512,177,1.01,0.78,2025-05-30,0,0,0,0
2025-06-10,30261,24781,26790,1753,2198,457,1529,1261,2025-06-13,normale,-2009,-6.64,1741,5.75,268,0.89,503,697,394,303,1.13,0.625,0.802,0.553,-208,-0.8,0.244,,0,0,0,0
2025-06-17,30860,24364,26148,3103,1893,431,1500,1178,2025-06-20,normale,-1784,-5.78,1462,4.74,322,1.04,599,-417,-642,225,0.86,0.599,0.749,0.579,-279,-1.02,0.211,,0,0,0,0
2025-06-24,31352,24232,26393,3471,2152,460,1497,1028,2025-06-27,normale,-2161,-6.89,1692,5.4,469,1.5,492,-132,245,-377,-1.11,0.344,0.181,0.543,230,0.66,0.733,,0,0,0,0
2025-07-01,29388,24186,25942,2177,1687,385,1338,884,2025-07-04,normale,-1756,-5.98,1302,4.43,454,1.54,-1964,-46,-451,405,0.92,0.601,0.856,0.573,-390,-0.97,0.215,2025-06-27,0,0,0,0
2025-07-08,29591,24014,26450,1888,2206,326,1483,927,2025-07-11,normale,-2436,-8.23,1880,6.35,556,1.88,203,-172,508,-680,-2.26,0.207,0.074,0.492,578,1.92,0.867,,0,0,0,0
2025-07-15,31309,24282,26768,3111,2287,360,1629,1070,2025-07-18,normale,-2486,-7.94,1927,6.15,559,1.79,1718,268,318,-50,0.29,0.521,0.41,0.499,47,-0.2,0.352,,0,0,0,0
2025-07-22,30797,24447,26299,2981,1659,412,1710,1105,2025-07-25,normale,-1852,-6.01,1247,4.05,605,1.96,-512,165,-469,634,1.93,0.739,0.934,0.574,-680,-2.11,0.116,,0,0,0,0
2025-07-29,28068,23851,24859,1417,1333,803,1467,989,2025-08-01,normale,-1008,-3.59,530,1.89,478,1.7,-2729,-596,-1440,844,2.42,0.787,0.953,0.672,-717,-2.16,0.111,2025-07-25,0,0,0,0
2025-08-05,27561,23039,24540,1402,1660,465,1460,1154,2025-08-08,normale,-1501,-5.45,1195,4.34,306,1.11,-507,-812,-319,-493,-1.85,0.265,0.131,0.592,665,2.45,0.903,,0,0,0,0
2025-08-12,27851,23438,24180,1418,1371,1253,1624,1000,2025-08-15,normale,-742,-2.66,118,0.42,624,2.24,290,399,-360,759,2.78,0.825,0.937,0.718,-1077,-3.91,0.024,,0,0,0,0
2025-08-19,28971,23064,24264,2862,1552,794,1493,1051,2025-08-22,normale,-1200,-4.14,758,2.62,442,1.53,1120,-374,84,-458,-1.48,0.292,0.149,0.646,640,2.19,0.888,,0,0,0,0
2025-08-26,27481,22793,23165,2071,1235,955,1382,1290,2025-08-29,normale,-372,-1.35,280,1.02,92,0.33,-1490,-271,-1099,828,2.79,0.826,0.948,0.764,-478,-1.6,0.161,,0,0,0,0
2025-09-02,26684,22452,23354,1700,1343,694,1189,936,2025-09-05,normale,-902,-3.38,649,2.43,253,0.95,-797,-341,189,-530,-2.03,0.236,0.119,0.684,369,1.41,0.816,2025-08-29,0,0,0,0
2025-09-09,26930,23075,23543,1511,1081,1025,1263,851,2025-09-12,normale,-468,-1.74,56,0.21,412,1.53,246,623,189,434,1.64,0.707,0.865,0.76,-593,-2.22,0.101,,0,0,0,0
2025-09-16,28844,23788,23768,2582,1151,1604,1323,890,2025-09-19,normale,20,0.07,-453,-1.57,433,1.5,1914,713,225,488,1.81,0.724,0.881,0.822,-509,-1.78,0.145,,0,1,0,0
2025-09-23,27809,23140,23061,2395,1029,1354,1245,999,2025-09-26,normale,79,0.28,-325,-1.17,246,0.88,-1035,-648,-707,59,0.21,0.508,0.563,0.83,128,0.4,0.683,,0,0,0,0
2025-09-30,26874,22649,22757,1734,1211,1289,1280,1094,2025-11-19,retard-connu,-108,-0.4,-78,-0.29,186,0.69,-935,-491,-304,-187,-0.69,0.396,0.28,0.8,247,0.88,0.763,2025-09-26,1,0,0,0
2025-10-07,29001,23528,24636,2509,1664,788,1300,1068,,retard-inconnu,-1108,-3.82,876,3.02,232,0.8,2127,879,1879,-1000,-3.42,0.123,0.031,0.65,954,3.31,0.949,,0,0,0,0
2025-10-14,28503,23892,24344,2086,1114,986,1411,1087,,retard-inconnu,-452,-1.59,128,0.45,324,1.14,-498,364,-292,656,2.23,0.767,0.931,0.758,-748,-2.57,0.087,,0,0,0,0
2025-10-21,28477,23426,23755,2463,1071,1211,1517,1048,,retard-inconnu,-329,-1.16,-140,-0.49,469,1.65,-26,-466,-589,123,0.43,0.543,0.653,0.768,-268,-0.94,0.24,,0,0,0,0
2025-10-28,28717,22977,23520,3221,1154,1037,1365,939,,retard-inconnu,-543,-1.89,117,0.41,426,1.48,240,-449,-235,-214,-0.74,0.389,0.267,0.744,257,0.9,0.766,,0,0,0,0
2025-11-04,27093,22512,22787,2093,1178,1147,1310,1066,,retard-inconnu,-275,-1.02,31,0.11,244,0.9,-1624,-465,-733,268,0.88,0.599,0.774,0.777,-86,-0.29,0.338,2025-10-31,0,0,0,0
2025-11-10,27544,23043,22915,2151,1131,1230,1219,1248,,retard-inconnu,128,0.46,-99,-0.36,-29,-0.11,451,531,128,403,1.48,0.686,0.841,0.843,-130,-0.47,0.296,,0,1,0,0
2025-11-18,27116,22767,23079,1878,1100,939,1371,1220,,retard-inconnu,-312,-1.15,161,0.59,151,0.56,-428,-276,164,-440,-1.62,0.278,0.154,0.766,260,0.95,0.77,,1,0,0,0
2025-11-25,26260,21200,21283,2460,1061,1323,1539,1194,,retard-inconnu,-83,-0.32,-262,-1,345,1.31,-856,-1567,-1796,229,0.83,0.592,0.743,0.804,-423,-1.59,0.166,,0,0,0,0
2025-12-02,24329,20237,19670,1941,997,1588,1154,1130,,retard-inconnu,567,2.33,-591,-2.43,24,0.1,-1931,-963,-1613,650,2.65,0.817,0.93,0.89,-329,-1.43,0.183,2025-11-28,0,1,0,0
2025-12-09,24793,20410,20145,2105,1116,1463,1162,1080,,retard-inconnu,265,1.07,-347,-1.4,82,0.33,464,173,475,-302,-1.26,0.333,0.221,0.853,244,1.03,0.787,,0,0,0,0
2025-12-16,24502,19366,19260,3092,1019,1000,1025,1150,,retard-inconnu,106,0.43,19,0.08,-125,-0.51,-291,-1044,-885,-159,-0.64,0.403,0.31,0.838,366,1.48,0.823,,0,0,0,0
2025-12-23,21988,17363,17842,2118,1304,851,1203,1177,2025-12-26,normale,-479,-2.18,453,2.06,26,0.12,-2514,-2003,-1418,-585,-2.61,0.172,0.107,0.709,434,1.98,0.87,,1,0,0,0
2025-12-30,20166,16411,16924,1355,1342,716,1058,1171,2026-01-02,normale,-513,-2.54,626,3.1,-113,-0.56,-1822,-952,-918,-34,-0.37,0.443,0.44,0.695,173,1.04,0.796,2025-12-26,0,0,0,0
2026-01-06,22168,18004,18738,1633,1337,679,1194,1118,2026-01-09,normale,-734,-3.31,658,2.97,76,0.34,2002,1593,1814,-221,-0.77,0.385,0.263,0.661,32,-0.14,0.377,,0,0,0,0
2026-01-13,23843,19118,19049,2264,1257,1391,1204,1139,2026-01-16,normale,69,0.29,-134,-0.56,65,0.27,1675,1114,311,803,3.6,0.881,0.946,0.827,-792,-3.53,0.042,,0,1,0,0
2026-01-20,24541,19841,19543,2475,940,1385,1285,1138,2026-01-23,normale,298,1.21,-445,-1.81,147,0.6,698,723,494,229,0.92,0.605,0.742,0.855,-311,-1.25,0.195,,0,0,0,0
2026-01-27,24276,18054,17364,4141,875,1460,1206,1311,2026-01-30,normale,690,2.84,-585,-2.41,-105,-0.43,-265,-1787,-2179,392,1.63,0.709,0.833,0.902,-140,-0.6,0.283,,0,0,0,0
2026-02-03,23044,18939,17931,2433,521,1489,1151,1191,2026-02-06,normale,1008,4.37,-968,-4.2,-40,-0.17,-1232,885,567,318,1.53,0.695,0.794,0.934,-383,-1.79,0.143,2026-01-30,0,0,0,0
2026-02-10,24157,17016,15999,5239,700,1817,1202,1102,2026-02-13,normale,1017,4.21,-1117,-4.62,100,0.41,1113,-1923,-1932,9,-0.16,0.463,0.495,0.929,-149,-0.42,0.306,,0,0,0,0
2026-02-17,23335,16593,14955,5116,463,2170,1163,1094,2026-02-20,normale,1638,7.02,-1707,-7.32,69,0.3,-822,-423,-1044,621,2.81,0.834,0.916,0.959,-590,-2.69,0.078,,0,0,0,0
2026-02-24,22919,16410,15238,4862,485,1605,1162,1214,2026-02-27,normale,1172,5.11,-1120,-4.89,-52,-0.23,-416,-183,283,-466,-1.91,0.246,0.137,0.937,587,2.43,0.902,,0,0,0,0
2026-03-03,20302,15585,14574,2817,751,1613,1149,1298,2026-03-06,normale,1011,4.98,-862,-4.25,-149,-0.73,-2617,-825,-664,-161,-0.13,0.465,0.309,0.934,258,0.64,0.723,2026-02-27,0,0,0,0
2026-03-10,21047,15861,14559,3486,627,1949,1073,1053,2026-03-13,normale,1302,6.19,-1322,-6.28,20,0.1,745,276,-15,291,1.21,0.641,0.782,0.949,-460,-2.04,0.131,,0,0,0,0
2026-03-17,23807,16741,14968,5441,379,2241,1246,1157,2026-03-20,normale,1773,7.45,-1862,-7.82,89,0.37,2760,880,409,471,1.26,0.651,0.877,0.969,-540,-1.54,0.172,,0,0,0,0
2026-03-24,23268,15861,13755,6086,224,2173,1097,1254,2026-03-27,normale,2106,9.05,-1949,-8.38,-157,-0.67,-539,-880,-1213,333,1.6,0.71,0.796,0.988,-87,-0.56,0.292,,0,0,0,0
2026-03-31,20631,14914,12661,4744,168,1977,805,1249,2026-04-03,normale,2253,10.92,-1809,-8.77,-444,-2.15,-2637,-947,-1094,147,1.87,0.735,0.67,0.993,140,-0.39,0.316,2026-03-27,0,0,0,0
2026-04-07,22308,16142,13602,5089,150,2382,927,1235,2026-04-10,normale,2540,11.39,-2232,-10.01,-308,-1.38,1677,1228,941,287,0.47,0.546,0.776,0.993,-423,-1.24,0.202,,0,0,0,0
2026-04-14,23761,17499,15306,5041,209,2252,1012,1162,2026-04-17,normale,2193,9.23,-2043,-8.6,-150,-0.63,1453,1357,1704,-347,-2.16,0.216,0.197,0.983,189,1.41,0.815,,0,0,0,0
2026-04-21,24994,17097,15026,6470,194,2444,1233,1054,2026-04-24,normale,2071,8.29,-2250,-9,179,0.72,1233,-402,-280,-122,-0.94,0.359,0.347,0.969,-207,-0.4,0.316,,0,0,0,0
2026-04-28,21692,17431,15039,3040,175,2507,1046,1106,2026-05-01,normale,2392,11.03,-2332,-10.75,-60,-0.28,-3302,334,13,321,2.74,0.831,0.792,0.99,-82,-1.75,0.153,2026-04-24,0,0,0,0
2026-05-05,23402,19301,17860,2568,349,1888,1184,1086,2026-05-08,normale,1441,6.16,-1539,-6.58,98,0.42,1710,1870,2821,-951,-4.87,0.074,0.033,0.931,793,4.17,0.979,,0,0,0,0
2026-05-12,23535,18154,16895,3205,227,2387,1949,1048,2026-05-15,normale,1259,5.35,-2160,-9.18,901,3.83,133,-1147,-965,-182,-0.81,0.375,0.287,0.917,-621,-2.6,0.083,,0,0,0,0
2026-05-19,23000,17791,15679,3735,212,2484,1262,1102,2026-05-22,normale,2112,9.18,-2272,-9.88,160,0.7,-535,-363,-1216,853,3.83,0.893,0.957,0.979,-112,-0.7,0.284,,0,0,0,0
2026-05-26,21625,17146,14864,3000,212,2602,1267,1159,2026-05-29,normale,2282,10.55,-2390,-11.05,108,0.5,-1375,-645,-815,170,1.37,0.662,0.676,0.986,-118,-1.17,0.213,,0,0,0,0
2026-06-02,19882,17210,14752,1335,184,2779,1153,1016,2026-06-05,normale,2458,12.36,-2595,-13.05,137,0.69,-1743,64,-112,176,1.81,0.731,0.684,0.995,-205,-2,0.134,2026-05-29,0,0,0,0
2026-06-09,19776,17178,14160,1483,106,3012,1009,1121,2026-06-12,normale,3018,15.26,-2906,-14.69,-112,-0.57,-106,-32,-592,560,2.9,0.84,0.892,1,-311,-1.64,0.167,,0,0,0,0
2026-06-16,21125,17727,14252,2148,110,3655,1140,1070,2026-06-19,normale,3475,16.45,-3545,-16.78,70,0.33,1349,549,92,457,1.19,0.629,0.866,1,-639,-2.09,0.127,,0,0,0,0
2026-06-23,20554,16348,12824,3201,70,3323,935,1206,2026-06-26,normale,3524,17.15,-3253,-15.83,-271,-1.32,-571,-1379,-1428,49,0.7,0.564,0.535,1,292,0.95,0.77,,0,0,0,0
2026-06-30,18336,16495,12725,1011,72,3608,758,992,2026-07-03,normale,3770,20.56,-3536,-19.28,-234,-1.28,-2218,147,-99,246,3.42,0.874,0.738,1,-283,-3.46,0.044,2026-06-26,0,0,0,0
2026-07-07,18832,16073,12573,1900,38,3255,821,1104,2026-07-10,normale,3500,18.59,-3217,-17.08,-283,-1.5,496,-422,-152,-270,-1.98,0.235,0.234,0.998,319,2.2,0.893,,0,0,0,0
2026-07-14,19385,15899,12808,2544,71,2976,871,1057,2026-07-17,normale,3091,15.95,-2905,-14.99,-186,-0.96,553,-174,235,-409,-2.64,0.16,0.158,0.991,312,2.1,0.879,,0,0,0,0
2026-07-21,20527,16402,13348,3235,97,3083,793,861,2026-07-24,normale,3054,14.88,-2986,-14.55,-68,-0.33,1142,503,540,-37,-1.07,0.341,0.428,0.986,-81,0.44,0.684,,0,0,0,0
2026-07-28,20019,15572,11668,3687,38,3600,722,1064,2026-07-31,normale,3904,19.5,-3562,-17.79,-342,-1.71,-508,-830,-1680,850,4.62,0.947,0.956,0.998,-576,-3.25,0.053,,0,0,0,0
2026-08-04,20143,17559,13807,1894,38,3370,652,1072,2026-08-07,normale,3752,18.63,-3332,-16.54,-420,-2.09,124,1987,2139,-152,-0.87,0.367,0.316,0.995,230,1.25,0.806,2026-07-31,0,0,0,0
2026-08-11,21185,18184,14319,2185,38,3593,778,1088,2026-08-14,normale,3865,18.24,-3555,-16.78,-310,-1.46,1042,625,512,113,-0.38,0.431,0.629,0.991,-223,-0.24,0.376,,0,0,0,0
2026-08-18,21760,17370,14634,3476,209,2657,705,993,2026-08-21,normale,2736,12.57,-2448,-11.25,-288,-1.32,575,-814,315,-1129,-5.67,0.044,0.021,0.972,1107,5.53,0.991,,0,0,1,0
2026-08-25,22216,16582,14633,4133,380,2170,1121,1280,2026-08-28,normale,1949,8.77,-1790,-8.06,-159,-0.72,456,-788,-1,-787,-3.8,0.103,0.048,0.941,658,3.19,0.945,,0,0,0,0
2026-09-01,19697,16530,15827,1557,423,1500,1187,813,2026-09-04,normale,703,3.57,-1077,-5.47,374,1.9,-2519,-52,1194,-1246,-5.2,0.059,0.016,0.852,713,2.59,0.918,2026-08-28,0,0,0,0
2026-09-08,21083,17600,16076,2146,64,2125,1273,736,2026-09-11,normale,1524,7.23,-2061,-9.78,537,2.55,1386,1070,249,821,3.66,0.888,0.947,0.913,-984,-4.31,0.018,,0,0,0,0
2026-09-15,20773,16744,14276,2901,107,2764,1021,832,2026-09-18,normale,2468,11.88,-2657,-12.79,189,0.91,-310,-856,-1800,944,4.65,0.948,0.975,0.966,-596,-3.01,0.059,,0,0,0,0
2026-09-22,22315,17658,14902,3307,66,3175,1284,931,2026-09-25,normale,2756,12.35,-3109,-13.93,353,1.58,1542,914,626,288,0.47,0.545,0.773,0.968,-452,-1.14,0.23,,0,0,0,0
