date,f1_close,f2_close
2017-12-18,19100,19080
2017-12-19,18200,18285
2017-12-20,17040,17150
2017-12-21,15330,15450
2017-12-22,14135,14250
2017-12-25,15785,15940
2017-12-27,14690,14805
2017-12-28,13745,13865
2017-12-29,14470,14490
2018-01-01,14855,14935
2018-01-03,14975,15030
2018-01-04,14900,14955
2018-01-05,16590,16580
2018-01-08,14905,14945
2018-01-09,14750,14770
2018-01-10,14450,14460
2018-01-11,13385,13390
2018-01-12,13945,13970
2018-01-15,11160,11210
2018-01-17,10945,11010
2018-01-18,11815,11870
2018-01-19,11360,11430
2018-01-22,10355,10390
2018-01-23,11095,11130
2018-01-24,11155,11195
2018-01-25,11200,11250
2018-01-26,10965,10985
2018-01-29,11170,11215
2018-01-30,9940,9990
2018-01-31,10000,10010
2018-02-01,9090,9085
2018-02-02,8585,8580
2018-02-05,7260,7230
2018-02-06,7550,7540
2018-02-07,8245,8205
2018-02-08,8325,8315
2018-02-09,8610,8600
2018-02-12,8860,8885
2018-02-13,8700,8730
2018-02-14,9290,9350
2018-02-15,10090,10135
2018-02-16,10020,10070
2018-02-19,11735,11750
2018-02-21,10370,10400
2018-02-22,10095,10120
2018-02-23,9950,10000
2018-02-26,10250,10275
2018-02-27,10660,10670
2018-02-28,10645,10665
2018-03-01,11065,11080
2018-03-02,11060,11085
2018-03-05,11615,11650
2018-03-06,10650,10665
2018-03-07,9790,9805
2018-03-08,9400,9420
2018-03-09,9015,9030
2018-03-12,8910,8930
2018-03-13,9070,9080
2018-03-14,8275,8285
2018-03-15,8235,8255
2018-03-16,8555,8580
2018-03-19,8400,8415
2018-03-20,8945,8950
2018-03-21,8890,8900
2018-03-22,8630,8630
2018-03-23,8615,8625
2018-03-26,7910,7930
2018-03-27,7915,7915
2018-03-28,7900,7900
2018-03-29,7335,7335
2018-04-02,6990,6990
2018-04-03,7460,7460
2018-04-04,6860,6865
2018-04-05,6760,6760
2018-04-06,6630,6620
2018-04-09,6675,6670
2018-04-10,6840,6840
2018-04-11,6920,6915
2018-04-12,7680,7680
2018-04-13,8105,8110
2018-04-16,7980,7980
2018-04-17,7885,7885
2018-04-18,8125,8125
2018-04-19,8260,8260
2018-04-20,8540,8530
2018-04-23,8845,8860
2018-04-24,9455,9470
2018-04-25,9000,9010
2018-04-26,8895,8905
2018-04-27,9080,9095
2018-04-30,9365,9365
2018-05-01,8985,8990
2018-05-02,9150,9160
2018-05-03,9675,9685
2018-05-04,9670,9690
2018-05-07,9435,9470
2018-05-08,9235,9260
2018-05-09,9280,9300
2018-05-10,9090,9110
2018-05-11,8625,8650
2018-05-14,8755,8780
2018-05-15,8555,8580
2018-05-16,8250,8300
2018-05-17,8180,8200
2018-05-18,8230,8250
2018-05-21,8375,8390
2018-05-22,8180,8185
2018-05-23,7600,7625
2018-05-24,7600,7620
2018-05-25,7440,7465
2018-05-28,7495,7515
2018-05-30,7320,7340
2018-05-31,7545,7565
2018-06-01,7440,7460
2018-06-04,7500,7515
2018-06-05,7625,7645
2018-06-06,7540,7550
2018-06-07,7705,7720
2018-06-08,7655,7675
2018-06-11,6750,6775
2018-06-12,6500,6525
2018-06-13,6270,6295
2018-06-14,6635,6650
2018-06-15,6530,6555
2018-06-18,6695,6710
2018-06-19,6735,6755
2018-06-20,6745,6765
2018-06-21,6710,6730
2018-06-22,6165,6180
2018-06-25,6245,6255
2018-06-26,6160,6165
2018-06-27,6135,6140
2018-06-28,6065,6075
2018-06-29,5865,5880
2018-07-02,6625,6630
2018-07-03,6580,6590
2018-07-04,6505,6515
2018-07-06,6565,6570
2018-07-09,6695,6700
2018-07-10,6355,6365
2018-07-11,6330,6335
2018-07-12,6160,6165
2018-07-13,6165,6165
2018-07-16,6675,6675
2018-07-17,7305,7315
2018-07-18,7395,7405
2018-07-19,7450,7465
2018-07-20,7340,7350
2018-07-23,7735,7755
2018-07-24,8260,8265
2018-07-25,8135,8160
2018-07-26,8255,8285
2018-07-27,8200,8215
2018-07-30,8100,8100
2018-07-31,7730,7725
2018-08-01,7545,7540
2018-08-02,7525,7525
2018-08-03,7370,7365
2018-08-06,6920,6925
2018-08-07,6990,6975
2018-08-08,6330,6330
2018-08-09,6460,6465
2018-08-10,6390,6395
2018-08-13,6230,6230
2018-08-14,6075,6075
2018-08-15,6375,6370
2018-08-16,6405,6410
2018-08-17,6480,6480
2018-08-20,6430,6430
2018-08-21,6425,6420
2018-08-22,6405,6405
2018-08-23,6405,6395
2018-08-24,6615,6595
2018-08-27,6730,6715
2018-08-28,7090,7080
2018-08-29,6995,7000
2018-08-30,6805,6815
2018-08-31,7045,7040
2018-09-03,7350,7355
2018-09-05,6900,6905
2018-09-06,6430,6430
2018-09-07,6390,6385
2018-09-10,6265,6260
2018-09-11,6230,6230
2018-09-12,6290,6285
2018-09-13,6435,6430
2018-09-14,6525,6525
2018-09-17,6230,6230
2018-09-18,6275,6275
2018-09-19,6375,6375
2018-09-20,6400,6395
2018-09-21,6740,6735
2018-09-24,6610,6610
2018-09-25,6355,6350
2018-09-26,6475,6470
2018-09-27,6645,6645
2018-09-28,6670,6660
2018-10-01,6540,6535
2018-10-02,6510,6510
2018-10-03,6425,6420
2018-10-04,6555,6555
2018-10-05,6530,6535
2018-10-08,6630,6625
2018-10-09,6580,6580
2018-10-10,6540,6540
2018-10-11,6180,6175
2018-10-12,6185,6180
2018-10-15,6390,6375
2018-10-16,6420,6420
2018-10-17,6420,6420
2018-10-18,6390,6385
2018-10-19,6380,6380
2018-10-22,6395,6390
2018-10-23,6395,6390
2018-10-24,6415,6415
2018-10-25,6405,6400
2018-10-26,6390,6390
2018-10-29,6240,6235
2018-10-30,6245,6245
2018-10-31,6295,6290
2018-11-01,6315,6305
2018-11-02,6345,6345
2018-11-05,6390,6385
2018-11-06,6415,6410
2018-11-07,6510,6500
2018-11-08,6410,6410
2018-11-09,6335,6330
2018-11-12,6325,6320
2018-11-13,6285,6280
2018-11-14,5365,5355
2018-11-15,5425,5405
2018-11-16,5450,5425
2018-11-19,4835,4815
2018-11-20,4240,4225
2018-11-21,4390,4375
2018-11-22,4190,4175
2018-11-26,3605,3605
2018-11-27,3720,3700
2018-11-28,4285,4275
2018-11-29,4175,4160
2018-11-30,3930,3925
2018-12-03,3800,3795
2018-12-04,3840,3830
2018-12-05,3705,3695
2018-12-06,3600,3590
2018-12-07,3300,3280
2018-12-10,3375,3360
2018-12-11,3320,3310
2018-12-12,3420,3410
2018-12-13,3215,3210
2018-12-14,3145,3135
2018-12-17,3530,3530
2018-12-18,3495,3490
2018-12-19,3695,3685
2018-12-20,3875,3870
2018-12-21,3775,3765
2018-12-24,4070,4060
2018-12-26,3755,3720
2018-12-27,3545,3520
2018-12-28,3870,3845
2018-12-31,3650,3635
2019-01-02,3830,3815
2019-01-03,3760,3745
2019-01-04,3745,3730
2019-01-07,3985,3970
2019-01-08,3985,3975
2019-01-09,3990,3980
2019-01-10,3605,3595
2019-01-11,3635,3620
2019-01-14,3650,3645
2019-01-15,3535,3530
2019-01-16,3560,3545
2019-01-17,3605,3590
2019-01-18,3585,3560
2019-01-21,3580,3560
2019-01-23,3505,3500
2019-01-24,3520,3520
2019-01-25,3505,3495
2019-01-28,3380,3365
2019-01-29,3370,3355
2019-01-30,3410,3395
2019-01-31,3395,3385
2019-02-01,3425,3415
2019-02-04,3395,3380
2019-02-05,3400,3390
2019-02-06,3340,3325
2019-02-07,3340,3330
2019-02-08,3615,3605
2019-02-11,3605,3595
2019-02-12,3605,3595
2019-02-13,3570,3555
2019-02-14,3565,3555
2019-02-15,3565,3555
2019-02-18,3935,3935
2019-02-20,3940,3935
2019-02-21,3900,3900
2019-02-22,3930,3930
2019-02-25,3820,3810
2019-02-26,3775,3775
2019-02-27,3710,3705
2019-02-28,3790,3785
2019-03-01,3820,3820
2019-03-04,3690,3695
2019-03-05,3835,3830
2019-03-06,3840,3840
2019-03-07,3870,3865
2019-03-08,3890,3890
2019-03-11,3835,3835
2019-03-12,3845,3835
2019-03-13,3845,3835
2019-03-14,3845,3840
2019-03-15,3900,3900
2019-03-18,3960,3960
2019-03-19,3995,3990
2019-03-20,4010,4010
2019-03-21,3965,3960
2019-03-22,3980,3980
2019-03-25,3895,3890
2019-03-26,3905,3905
2019-03-27,4005,4005
2019-03-28,4005,4005
2019-03-29,4075,4075
2019-04-01,4125,4125
2019-04-02,4775,4770
2019-04-03,5150,5140
2019-04-04,4840,4835
2019-04-05,5020,5015
2019-04-08,5210,5210
2019-04-09,5220,5220
2019-04-10,5415,5415
2019-04-11,5075,5080
2019-04-12,5065,5065
2019-04-15,5010,5015
2019-04-16,5200,5200
2019-04-17,5235,5230
2019-04-18,5295,5295
2019-04-22,5395,5395
2019-04-23,5590,5600
2019-04-24,5435,5435
2019-04-25,5490,5490
2019-04-26,5080,5080
2019-04-29,5140,5140
2019-04-30,5230,5230
2019-05-01,5300,5290
2019-05-02,5390,5385
2019-05-03,5670,5675
2019-05-06,5745,5740
2019-05-07,5845,5840
2019-05-08,5900,5895
2019-05-09,6065,6055
2019-05-10,6365,6360
2019-05-13,7950,7945
2019-05-14,7780,7785
2019-05-15,8225,8230
2019-05-16,7875,7895
2019-05-17,7180,7195
2019-05-20,7850,7850
2019-05-21,8050,8050
2019-05-22,7950,7965
2019-05-23,7810,7820
2019-05-24,8085,8095
2019-05-27,8705,8775
2019-05-29,8755,8765
2019-05-30,8680,8690
2019-05-31,8535,8555
2019-06-03,8640,8660
2019-06-04,7625,7635
2019-06-05,7835,7845
2019-06-06,7610,7620
2019-06-07,8010,8015
2019-06-10,8010,8015
2019-06-11,7920,7925
2019-06-12,8195,8205
2019-06-13,8285,8290
2019-06-14,8440,8455
2019-06-17,9380,9385
2019-06-18,9115,9135
2019-06-19,9210,9230
2019-06-20,9625,9670
2019-06-21,9980,10040
2019-06-24,10945,11115
2019-06-25,11380,11635
2019-06-26,14145,14210
2019-06-27,11095,11155
2019-06-28,12590,12615
2019-07-01,10375,10460
2019-07-02,10990,11070
2019-07-03,11370,11470
2019-07-04,11285,11395
2019-07-08,12445,12565
2019-07-09,12760,12885
2019-07-10,12270,12375
2019-07-11,11730,11785
2019-07-12,11730,11815
2019-07-15,10910,11015
2019-07-16,9730,9785
2019-07-17,9795,9900
2019-07-18,10550,10695
2019-07-19,10460,10605
2019-07-22,10145,10330
2019-07-23,10150,10330
2019-07-24,9770,9845
2019-07-25,9945,10070
2019-07-26,10020,10085
2019-07-29,9530,9590
2019-07-30,9735,9785
2019-07-31,10115,10170
2019-08-01,10450,10520
2019-08-02,10600,10705
2019-08-05,11910,12070
2019-08-06,11830,11970
2019-08-07,11885,12040
2019-08-08,11690,11825
2019-08-09,11945,12090
2019-08-12,11560,11690
2019-08-13,10945,11090
2019-08-14,10160,10260
2019-08-15,10130,10240
2019-08-16,10515,10625
2019-08-19,10745,10830
2019-08-20,10775,10845
2019-08-21,10115,10210
2019-08-22,10185,10275
2019-08-23,10460,10550
2019-08-26,10330,10470
2019-08-27,10165,10300
2019-08-28,9745,9810
2019-08-29,9570,9630
2019-08-30,9650,9695
2019-09-02,10800,10855
2019-09-04,10835,10915
2019-09-05,10625,10695
2019-09-06,10460,10550
2019-09-09,10370,10450
2019-09-10,10060,10150
2019-09-11,10125,10210
2019-09-12,10410,10485
2019-09-13,10265,10365
2019-09-16,10135,10240
2019-09-17,10305,10390
2019-09-18,10205,10300
2019-09-19,10155,10230
2019-09-20,10180,10275
2019-09-23,9805,9915
2019-09-24,8380,8430
2019-09-25,8405,8440
2019-09-26,8180,8235
2019-09-27,8035,8080
2019-09-30,8335,8365
2019-10-01,8325,8370
2019-10-02,8270,8320
2019-10-03,8160,8205
2019-10-04,8225,8255
2019-10-07,8255,8290
2019-10-08,8170,8225
2019-10-09,8645,8685
2019-10-10,8595,8650
2019-10-11,8355,8415
2019-10-14,8355,8415
2019-10-15,8170,8230
2019-10-16,7950,7990
2019-10-17,8060,8105
2019-10-18,7960,7990
2019-10-21,8205,8250
2019-10-22,8165,8230
2019-10-23,7505,7535
2019-10-24,7500,7530
2019-10-25,8715,8785
2019-10-28,9530,9595
2019-10-29,9315,9405
2019-10-30,9270,9340
2019-10-31,9305,9375
2019-11-01,9235,9325
2019-11-04,9565,9650
2019-11-05,9420,9515
2019-11-06,9360,9445
2019-11-07,9220,9305
2019-11-08,8845,8910
2019-11-11,8750,8805
2019-11-12,8835,8890
2019-11-13,8785,8850
2019-11-14,8675,8740
2019-11-15,8505,8545
2019-11-18,8205,8260
2019-11-19,8110,8150
2019-11-20,8110,8150
2019-11-21,7580,7615
2019-11-22,7330,7355
2019-11-25,7165,7190
2019-11-26,7125,7180
2019-11-27,7625,7670
2019-11-28,7800,7855
2019-12-02,7335,7400
2019-12-03,7340,7405
2019-12-04,7220,7265
2019-12-05,7420,7470
2019-12-06,7460,7520
2019-12-09,7320,7380
2019-12-10,7215,7275
2019-12-11,7175,7220
2019-12-12,7265,7305
2019-12-13,7265,7295
2019-12-16,6860,6885
2019-12-17,6580,6605
2019-12-18,7135,7160
2019-12-19,7165,7190
2019-12-20,7230,7250
2019-12-23,7410,7455
2019-12-24,7235,7275
2019-12-26,7300,7345
2019-12-27,7265,7310
2019-12-30,7285,7330
2019-12-31,7210,7240
2020-01-02,6940,6985
2020-01-03,7385,7415
2020-01-06,7615,7655
2020-01-07,8280,8315
2020-01-08,8110,8160
2020-01-09,7885,7935
2020-01-10,8135,8180
2020-01-13,8200,8260
2020-01-14,8750,8830
2020-01-15,8880,8950
2020-01-16,8790,8850
2020-01-17,8925,8995
2020-01-20,8750,8795
2020-01-22,8680,8740
2020-01-23,8370,8430
2020-01-24,8495,8545
2020-01-27,8995,9075
2020-01-28,9060,9175
2020-01-29,9525,9620
2020-01-30,9730,9815
2020-01-31,9440,9535
2020-02-03,9410,9510
2020-02-04,9255,9360
2020-02-05,9830,9940
2020-02-06,9895,10025
2020-02-07,9845,9980
2020-02-10,9935,10100
2020-02-11,10405,10585
2020-02-12,10525,10730
2020-02-13,10305,10490
2020-02-14,10495,10675
2020-02-17,10250,10415
2020-02-19,10225,10395
2020-02-20,9615,9760
2020-02-21,9740,9885
2020-02-24,9600,9745
2020-02-25,9320,9435
2020-02-26,8885,8975
2020-02-27,8945,9040
2020-02-28,8700,8780
2020-03-02,8975,9045
2020-03-03,8770,8865
2020-03-04,8760,8845
2020-03-05,9195,9270
2020-03-06,9165,9265
2020-03-09,7850,7900
2020-03-10,7995,8045
2020-03-11,7855,7905
2020-03-12,6010,6035
2020-03-13,5330,5375
2020-03-16,4930,4945
2020-03-17,5380,5410
2020-03-18,5340,5345
2020-03-19,6240,6270
2020-03-20,6210,6230
2020-03-23,6300,6310
2020-03-24,6725,6745
2020-03-25,6660,6675
2020-03-26,6695,6720
2020-03-27,6680,6710
2020-03-30,6380,6405
2020-03-31,6475,6495
2020-04-01,6210,6225
2020-04-02,6865,6900
2020-04-03,6800,6845
2020-04-06,7330,7390
2020-04-07,7330,7405
2020-04-08,7335,7390
2020-04-09,7290,7350
2020-04-13,6810,6820
2020-04-14,6950,6965
2020-04-15,6740,6755
2020-04-16,7105,7125
2020-04-17,7080,7115
2020-04-20,6795,6815
2020-04-21,6890,6900
2020-04-22,7155,7160
2020-04-23,7625,7660
2020-04-24,7595,7610
2020-04-27,7780,7795
2020-04-28,7780,7785
2020-04-29,8825,8860
2020-04-30,8930,8950
2020-05-01,8840,8850
2020-05-04,8935,8965
2020-05-05,8985,9020
2020-05-06,9340,9385
2020-05-07,10010,10060
2020-05-08,10030,10090
2020-05-11,8795,8845
2020-05-12,8870,8930
2020-05-13,9270,9325
2020-05-14,9725,9815
2020-05-15,9395,9455
2020-05-18,9745,9830
2020-05-19,9680,9765
2020-05-20,9570,9640
2020-05-21,9075,9165
2020-05-22,9175,9255
2020-05-25,8785,8855
2020-05-27,9250,9285
2020-05-28,9560,9590
2020-05-29,9470,9530
2020-06-01,9650,9700
2020-06-02,9580,9630
2020-06-03,9655,9705
2020-06-04,9895,9950
2020-06-05,9800,9860
2020-06-08,9780,9830
2020-06-09,9805,9860
2020-06-10,9935,9980
2020-06-11,9300,9365
2020-06-12,9465,9525
2020-06-15,9440,9510
2020-06-16,9530,9595
2020-06-17,9325,9400
2020-06-18,9410,9480
2020-06-19,9315,9385
2020-06-22,9585,9660
2020-06-23,9660,9745
2020-06-24,9375,9430
2020-06-25,9340,9405
2020-06-26,9220,9280
2020-06-29,9200,9255
2020-06-30,9185,9240
2020-07-01,9325,9365
2020-07-02,9060,9115
2020-07-03,9355,9405
2020-07-07,9290,9350
2020-07-08,9510,9560
2020-07-09,9255,9320
2020-07-10,9275,9330
2020-07-13,9270,9330
2020-07-14,9310,9370
2020-07-15,9190,9250
2020-07-16,9145,9195
2020-07-17,9195,9250
2020-07-20,9190,9255
2020-07-21,9395,9460
2020-07-22,9425,9480
2020-07-23,9650,9720
2020-07-24,9615,9690
2020-07-27,10895,11065
2020-07-28,11035,11215
2020-07-29,11425,11530
2020-07-30,11370,11440
2020-07-31,11610,11700
2020-08-03,11620,11695
2020-08-04,11370,11480
2020-08-05,11850,11930
2020-08-06,12040,12120
2020-08-07,11575,11690
2020-08-10,12015,12115
2020-08-11,11435,11550
2020-08-12,11665,11770
2020-08-13,11590,11705
2020-08-14,11935,12040
2020-08-17,12485,12625
2020-08-18,12035,12190
2020-08-19,11690,11845
2020-08-20,11895,12055
2020-08-21,11695,11860
2020-08-24,11770,11940
2020-08-25,11310,11440
2020-08-26,11630,11675
2020-08-27,11340,11410
2020-08-28,11630,11705
2020-08-31,11835,11940
2020-09-01,12075,12180
2020-09-02,11460,11560
2020-09-03,10720,10795
2020-09-04,10620,10705
2020-09-07,10015,10090
2020-09-09,10320,10400
2020-09-10,10315,10405
2020-09-11,10340,10420
2020-09-14,10705,10780
2020-09-15,10815,10890
2020-09-16,11015,11095
2020-09-17,10950,11035
2020-09-18,10880,10970
2020-09-21,10485,10560
2020-09-22,10495,10565
2020-09-23,10345,10410
2020-09-24,10725,10780
2020-09-25,10825,10885
2020-09-28,10960,11005
2020-09-29,10815,10875
2020-09-30,10770,10840
2020-10-01,10645,10725
2020-10-02,10550,10615
2020-10-05,10815,10870
2020-10-06,10630,10710
2020-10-07,10720,10790
2020-10-08,10955,11035
2020-10-09,11110,11205
2020-10-12,11630,11720
2020-10-13,11440,11520
2020-10-14,11410,11490
2020-10-15,11595,11680
2020-10-16,11360,11450
2020-10-19,11755,11835
2020-10-20,11970,12080
2020-10-21,12755,12845
2020-10-22,13155,13265
2020-10-23,12970,13110
2020-10-26,13045,13180
2020-10-27,13685,13875
2020-10-28,13380,13475
2020-10-29,13780,13885
2020-10-30,13735,13845
2020-11-02,13790,13915
2020-11-03,13845,13960
2020-11-04,14200,14300
2020-11-05,15260,15400
2020-11-06,15630,15800
2020-11-09,15450,15595
2020-11-10,15355,15490
2020-11-11,15805,15930
2020-11-12,16240,16365
2020-11-13,16270,16390
2020-11-16,16895,17020
2020-11-17,17730,17875
2020-11-18,17685,17810
2020-11-19,18095,18240
2020-11-20,18685,18870
2020-11-23,18410,18620
2020-11-24,19375,19520
2020-11-25,19175,19345
2020-11-26,16925,17085
2020-11-30,19730,19900
2020-12-01,19275,19450
2020-12-02,19295,19450
2020-12-03,19565,19725
2020-12-04,19100,19245
2020-12-07,19170,19315
2020-12-08,18825,18970
2020-12-09,18420,18600
2020-12-10,18440,18590
2020-12-11,18020,18165
2020-12-14,19270,19465
2020-12-15,19560,19805
2020-12-16,20930,21280
2020-12-17,22870,23285
2020-12-18,22860,23240
2020-12-21,22880,23160
2020-12-22,23805,24105
2020-12-23,23745,24075
2020-12-24,23685,23955
2020-12-28,27110,27405
2020-12-29,27210,27510
2020-12-30,29155,29495
2020-12-31,29385,29655
2021-01-04,31550,31980
2021-01-05,34515,34925
2021-01-06,36565,37055
2021-01-07,39625,40100
2021-01-08,39520,39970
2021-01-11,33780,34225
2021-01-12,34500,34925
2021-01-13,36375,36810
2021-01-14,39605,40080
2021-01-15,35625,36100
2021-01-18,36595,37060
2021-01-20,35035,35470
2021-01-21,31920,32290
2021-01-22,33580,33945
2021-01-25,33440,33825
2021-01-26,31950,32300
2021-01-27,31475,31635
2021-01-28,32790,33085
2021-01-29,34855,35180
2021-02-01,34000,34265
2021-02-02,36170,36535
2021-02-03,37390,37790
2021-02-04,37915,38310
2021-02-05,38015,38460
2021-02-08,44755,45305
2021-02-09,47765,48385
2021-02-10,44915,45570
2021-02-11,47525,48195
2021-02-12,48040,48700
2021-02-15,48925,49615
2021-02-17,52785,53525
2021-02-18,52340,53170
2021-02-19,55530,56595
2021-02-22,53720,54650
2021-02-23,47660,48185
2021-02-24,49135,49815
2021-02-25,49415,49990
2021-02-26,46325,46905
2021-03-01,48870,49355
2021-03-02,47820,48445
2021-03-03,50900,51520
2021-03-04,48310,48855
2021-03-05,49555,50055
2021-03-08,52145,52705
2021-03-09,54720,55315
2021-03-10,56620,57265
2021-03-11,57955,58615
2021-03-12,57075,57850
2021-03-15,56900,57660
2021-03-16,55910,56615
2021-03-17,57980,58710
2021-03-18,57365,58050
2021-03-19,58975,59720
2021-03-22,55605,56040
2021-03-23,54985,55245
2021-03-24,54645,54980
2021-03-25,52405,52935
2021-03-26,54060,54645
2021-03-29,58210,58695
2021-03-30,59705,60215
2021-03-31,59285,59900
2021-04-01,59615,60130
2021-04-05,59840,60430
2021-04-06,58735,59270
2021-04-07,56310,56670
2021-04-08,58155,58545
2021-04-09,58760,59145
2021-04-12,60545,61000
2021-04-13,63685,64135
2021-04-14,62400,62885
2021-04-15,63840,64305
2021-04-16,61980,62380
2021-04-19,56045,56535
2021-04-20,56715,57080
2021-04-21,55610,55970
2021-04-22,52860,53065
2021-04-23,50845,51045
2021-04-26,54070,54325
2021-04-27,54790,54975
2021-04-28,55410,55695
2021-04-29,53010,53265
2021-04-30,57315,57545
2021-05-03,57765,58095
2021-05-04,54515,54745
2021-05-05,57295,57575
2021-05-06,56180,56480
2021-05-07,57760,57990
2021-05-10,55705,55940
2021-05-11,56805,57010
2021-05-12,54445,54645
2021-05-13,48365,48485
2021-05-14,50190,50305
2021-05-17,44060,44100
2021-05-18,43150,43240
2021-05-19,39340,39500
2021-05-20,40320,40350
2021-05-21,36085,36190
2021-05-24,39750,39770
2021-05-25,37330,37370
2021-05-26,38545,38610
2021-05-27,38865,38970
2021-05-28,35825,35905
2021-05-31,35990,36100
2021-06-02,38040,38120
2021-06-03,38715,38790
2021-06-04,36955,37040
2021-06-07,35645,35730
2021-06-08,32910,33000
2021-06-09,36375,36460
2021-06-10,36690,36755
2021-06-11,37325,37415
2021-06-14,39710,39810
2021-06-15,39995,40050
2021-06-16,38565,38660
2021-06-17,37665,37715
2021-06-18,35285,35300
2021-06-21,32560,32570
2021-06-22,32480,32565
2021-06-23,32900,32970
2021-06-24,34965,34990
2021-06-25,32200,32310
2021-06-28,34525,34615
2021-06-29,36430,36495
2021-06-30,34725,34805
2021-07-01,33030,33070
2021-07-02,33285,33320
2021-07-05,33975,34045
2021-07-07,34700,34705
2021-07-08,32960,33025
2021-07-09,33455,33510
2021-07-12,32760,32800
2021-07-13,32215,32285
2021-07-14,32740,32775
2021-07-15,31410,31440
2021-07-16,31925,31965
2021-07-19,30690,30715
2021-07-20,29715,29745
2021-07-21,31620,31675
2021-07-22,32415,32400
2021-07-23,32270,32270
2021-07-26,39480,39460
2021-07-27,37890,37905
2021-07-28,40370,40455
2021-07-29,39760,39800
2021-07-30,39955,39950
2021-08-02,39180,39210
2021-08-03,37965,38005
2021-08-04,39840,39885
2021-08-05,40755,40770
2021-08-06,42970,42990
2021-08-09,46045,46090
2021-08-10,45495,45585
2021-08-11,46455,46525
2021-08-12,44360,44455
2021-08-13,46505,46565
2021-08-16,46095,46125
2021-08-17,45520,45500
2021-08-18,44855,44870
2021-08-19,46700,46750
2021-08-20,48730,48815
2021-08-23,49280,49300
2021-08-24,48210,48285
2021-08-25,48705,48855
2021-08-26,46955,47035
2021-08-27,48455,48530
2021-08-30,48765,48820
2021-08-31,47390,47420
2021-09-01,48320,48340
2021-09-02,49375,49435
2021-09-03,50710,50775
2021-09-06,46780,46795
2021-09-08,46520,46625
2021-09-09,46645,46735
2021-09-10,45675,45785
2021-09-13,44815,44905
2021-09-14,46515,46605
2021-09-15,48190,48325
2021-09-16,47495,47665
2021-09-17,47490,47615
2021-09-20,43780,43880
2021-09-21,42030,42120
2021-09-22,43385,43520
2021-09-23,44925,44955
2021-09-24,42520,42585
2021-09-27,43150,43220
2021-09-28,41600,41715
2021-09-29,41155,41215
2021-09-30,43615,43760
2021-10-01,48390,48500
2021-10-04,49855,50020
2021-10-05,51630,51780
2021-10-06,55700,56000
2021-10-07,54470,54870
2021-10-08,55180,55590
2021-10-11,57990,58505
2021-10-12,55815,56330
2021-10-13,57750,58235
2021-10-14,58195,58675
2021-10-15,62075,62575
2021-10-18,61650,62010
2021-10-19,64660,65255
2021-10-20,66665,67905
2021-10-21,62910,63840
2021-10-22,61080,61680
2021-10-25,62725,63375
2021-10-26,61975,62580
2021-10-27,59065,59415
2021-10-28,61780,62230
2021-10-29,63010,63395
2021-11-01,61615,62095
2021-11-02,64015,64600
2021-11-03,63065,63600
2021-11-04,61360,61910
2021-11-05,61380,61900
2021-11-08,66485,67075
2021-11-09,67625,68235
2021-11-10,66075,66650
2021-11-11,65055,65635
2021-11-12,64235,64820
2021-11-15,63910,64460
2021-11-16,59730,60220
2021-11-17,60485,61060
2021-11-18,58015,58575
2021-11-19,57900,58510
2021-11-22,55815,56330
2021-11-23,57855,58360
2021-11-24,57815,58250
2021-11-25,54430,54835
2021-11-29,58470,58900
2021-11-30,57780,58160
2021-12-01,56990,57385
2021-12-02,57175,57545
2021-12-03,53545,53865
2021-12-06,48960,49315
2021-12-07,50600,50925
2021-12-08,50925,51220
2021-12-09,47675,47940
2021-12-10,48490,48690
2021-12-13,46595,46795
2021-12-14,47870,48050
2021-12-15,49350,49530
2021-12-16,48010,48180
2021-12-17,46250,46430
2021-12-20,47060,47280
2021-12-21,48685,48885
2021-12-22,49045,49230
2021-12-23,51060,51240
2021-12-27,51275,51480
2021-12-28,47755,47935
2021-12-29,47370,47460
2021-12-30,47210,47485
2021-12-31,45815,46015
2022-01-03,45865,46085
2022-01-04,46305,46510
2022-01-05,43830,44020
2022-01-06,43215,43385
2022-01-07,41870,41990
2022-01-10,41745,41870
2022-01-11,42805,42940
2022-01-12,43825,43950
2022-01-13,42675,42790
2022-01-14,43120,43245
2022-01-17,41665,41740
2022-01-19,41575,41645
2022-01-20,42675,42710
2022-01-21,38180,38230
2022-01-24,37220,37280
2022-01-25,36855,36915
2022-01-26,37060,37075
2022-01-27,35555,35720
2022-01-28,37790,37885
2022-01-31,38485,38575
2022-02-01,38585,38690
2022-02-02,37535,37635
2022-02-03,36265,36350
2022-02-04,40640,40715
2022-02-07,44235,44325
2022-02-08,44340,44420
2022-02-09,44855,44925
2022-02-10,44180,44230
2022-02-11,42390,42445
2022-02-14,42205,42260
2022-02-15,44215,44265
2022-02-16,44175,44205
2022-02-17,40900,40930
2022-02-18,39945,39990
2022-02-21,37915,37965
2022-02-23,37660,37655
2022-02-24,38370,38525
2022-02-25,39115,39175
2022-02-28,42000,42050
2022-03-01,44240,44325
2022-03-02,43925,44010
2022-03-03,42080,42210
2022-03-04,39545,39635
2022-03-07,37540,37575
2022-03-08,38505,38555
2022-03-09,41920,41965
2022-03-10,39630,39685
2022-03-11,38325,38380
2022-03-14,38830,38855
2022-03-15,39760,39790
2022-03-16,40920,40945
2022-03-17,40885,40910
2022-03-18,42095,42130
2022-03-21,41220,41260
2022-03-22,42390,42455
2022-03-23,42250,42310
2022-03-24,44165,44345
2022-03-25,44655,44825
2022-03-28,48190,48345
2022-03-29,47930,48055
2022-03-30,47240,47375
2022-03-31,45735,45870
2022-04-01,46550,46680
2022-04-04,46085,46215
2022-04-05,46140,46260
2022-04-06,43775,43850
2022-04-07,43380,43445
2022-04-08,42715,42770
2022-04-11,39955,40015
2022-04-12,39290,39305
2022-04-13,41120,41140
2022-04-14,39825,39835
2022-04-18,40700,40705
2022-04-19,41520,41540
2022-04-20,41235,41255
2022-04-21,41245,41280
2022-04-22,39455,39470
2022-04-25,40210,40255
2022-04-26,38220,38315
2022-04-27,38900,38935
2022-04-28,40025,40165
2022-04-29,38285,38380
2022-05-02,38540,38610
2022-05-03,37635,37735
2022-05-04,39900,39950
2022-05-05,36270,36325
2022-05-06,35925,36000
2022-05-09,30930,30960
2022-05-10,31280,31325
2022-05-11,29195,29220
2022-05-12,28585,28585
2022-05-13,30035,30065
2022-05-16,29505,29525
2022-05-17,30000,30030
2022-05-18,29185,29185
2022-05-19,29945,29955
2022-05-20,29260,29255
2022-05-23,29015,29075
2022-05-24,29305,29335
2022-05-25,29535,29505
2022-05-26,29365,29510
2022-05-27,28815,28900
2022-05-30,31650,31735
2022-06-01,30035,30115
2022-06-02,30290,30365
2022-06-03,29535,29595
2022-06-06,31490,31555
2022-06-07,31045,31115
2022-06-08,30080,30140
2022-06-09,29945,29980
2022-06-10,28920,28970
2022-06-13,23110,23145
2022-06-14,22125,22150
2022-06-15,21625,21660
2022-06-16,20790,20800
2022-06-17,20470,20510
2022-06-20,20860,20905
2022-06-22,20105,20120
2022-06-23,20900,20995
2022-06-24,21255,21325
2022-06-27,20800,20855
2022-06-28,20175,20220
2022-06-29,20185,20215
2022-06-30,18760,18805
2022-07-01,19315,19335
2022-07-04,20390,20410
2022-07-06,20275,20305
2022-07-07,21855,21870
2022-07-08,21765,21790
2022-07-11,20455,20490
2022-07-12,19315,19350
2022-07-13,19615,19630
2022-07-14,20625,20625
2022-07-15,21190,21195
2022-07-18,21620,21615
2022-07-19,23460,23455
2022-07-20,23695,23695
2022-07-21,23230,23240
2022-07-22,22615,22600
2022-07-25,21885,21905
2022-07-26,20915,20920
2022-07-27,22780,22810
2022-07-28,23925,24025
2022-07-29,23990,24055
2022-08-01,23030,23090
2022-08-02,23000,23045
2022-08-03,23540,23580
2022-08-04,22455,22505
2022-08-05,22960,23020
2022-08-08,23985,24025
2022-08-09,23060,23105
2022-08-10,23655,23695
2022-08-11,24245,24295
2022-08-12,24240,24280
2022-08-15,24000,24035
2022-08-16,23945,23980
2022-08-17,23230,23270
2022-08-18,23335,23360
2022-08-19,21230,21255
2022-08-22,20965,20990
2022-08-23,21490,21500
2022-08-24,21710,21650
2022-08-25,21495,21555
2022-08-26,20420,20465
2022-08-29,19965,19990
2022-08-30,19770,19795
2022-08-31,20065,20095
2022-09-01,19695,19710
2022-09-02,19775,19785
2022-09-05,18635,18660
2022-09-07,18925,18935
2022-09-08,19260,19265
2022-09-09,21345,21335
2022-09-12,22455,22465
2022-09-13,20240,20260
2022-09-14,19925,19940
2022-09-15,19730,19735
2022-09-16,19575,19570
2022-09-19,19480,19480
2022-09-20,18950,18935
2022-09-21,18980,18945
2022-09-22,19295,19250
2022-09-23,18745,18675
2022-09-26,19180,19125
2022-09-27,19045,19010
2022-09-28,19565,19520
2022-09-29,19370,19425
2022-09-30,19425,19435
2022-10-03,19525,19515
2022-10-04,20285,20255
2022-10-05,20140,20115
2022-10-06,20025,20005
2022-10-07,19410,19420
2022-10-10,19125,19125
2022-10-11,18900,18900
2022-10-12,19095,19080
2022-10-13,19360,19315
2022-10-14,19110,19085
2022-10-17,19515,19480
2022-10-18,19180,19165
2022-10-19,19200,19185
2022-10-20,19030,19000
2022-10-21,19195,19140
2022-10-24,19340,19310
2022-10-25,20305,20290
2022-10-26,20780,20790
2022-10-27,20720,20755
2022-10-28,20680,20685
2022-10-31,20380,20365
2022-11-01,20480,20465
2022-11-02,20265,20255
2022-11-03,20285,20270
2022-11-04,21155,21135
2022-11-07,20845,20850
2022-11-08,18080,18075
2022-11-09,15615,15595
2022-11-10,17780,17685
2022-11-11,16050,15795
2022-11-14,16005,15820
2022-11-15,16690,16510
2022-11-16,16285,16080
2022-11-17,16520,16290
2022-11-18,16530,16260
2022-11-21,15690,15365
2022-11-22,16055,15590
2022-11-23,16255,16255
2022-11-24,16300,16220
2022-11-28,15990,15890
2022-11-29,16265,16165
2022-11-30,17080,16985
2022-12-01,16820,16775
2022-12-02,16995,16940
2022-12-05,16825,16775
2022-12-06,16945,16875
2022-12-07,16725,16635
2022-12-08,17185,17100
2022-12-09,17035,16965
2022-12-12,17115,17020
2022-12-13,17745,17640
2022-12-14,17795,17705
2022-12-15,17395,17285
2022-12-16,16775,16685
2022-12-19,16495,16390
2022-12-20,16840,16725
2022-12-21,16735,16590
2022-12-22,16735,16575
2022-12-23,16780,16650
2022-12-27,16595,16435
2022-12-28,16570,16395
2022-12-29,16385,16325
2022-12-30,16535,16445
2023-01-03,16615,16525
2023-01-04,16780,16705
2023-01-05,16840,16760
2023-01-06,16895,16810
2023-01-09,17225,17160
2023-01-10,17535,17460
2023-01-11,17615,17545
2023-01-12,19155,19130
2023-01-13,19550,19515
2023-01-16,21485,21485
2023-01-18,20800,20780
2023-01-19,21200,21220
2023-01-20,22390,22445
2023-01-23,23090,23285
2023-01-24,23065,23255
2023-01-25,22940,23105
2023-01-26,23335,23525
2023-01-27,23320,23420
2023-01-30,22825,22940
2023-01-31,23250,23375
2023-02-01,23755,23890
2023-02-02,24005,24180
2023-02-03,23485,23620
2023-02-06,23110,23255
2023-02-07,23300,23455
2023-02-08,22885,23020
2023-02-09,22010,22115
2023-02-10,21775,21840
2023-02-13,21710,21780
2023-02-14,22335,22400
2023-02-15,24250,24335
2023-02-16,24640,24810
2023-02-17,24870,25075
2023-02-20,24490,24700
2023-02-22,23800,23990
2023-02-23,24170,24350
2023-02-24,23345,23505
2023-02-27,23445,23585
2023-02-28,23410,23560
2023-03-01,23530,23690
2023-03-02,23590,23730
2023-03-03,22320,22470
2023-03-06,22390,22525
2023-03-07,22070,22195
2023-03-08,22115,22245
2023-03-09,20065,20170
2023-03-10,19965,20010
2023-03-13,24405,24450
2023-03-14,25240,25275
2023-03-15,24490,24540
2023-03-16,25090,25200
2023-03-17,27000,27180
2023-03-20,27945,28100
2023-03-21,28310,28500
2023-03-22,26800,26970
2023-03-23,28550,28750
2023-03-24,27915,28100
2023-03-27,26980,27220
2023-03-28,27455,27650
2023-03-29,28440,28660
2023-03-30,28220,28425
2023-03-31,28740,28910
2023-04-03,28265,28425
2023-04-04,28375,28530
2023-04-05,28385,28550
2023-04-06,28140,28295
2023-04-07,28045,28190
2023-04-10,29420,29610
2023-04-11,30325,30515
2023-04-12,29925,30080
2023-04-13,30530,30695
2023-04-14,30470,30620
2023-04-17,29550,29695
2023-04-18,30325,30490
2023-04-19,29265,29430
2023-04-20,28095,28260
2023-04-21,27310,27445
2023-04-24,27400,27545
2023-04-25,27605,27780
2023-04-26,27900,28105
2023-04-27,29940,30155
2023-04-28,29475,29640
2023-05-01,27915,28070
2023-05-02,28850,29060
2023-05-03,28415,28565
2023-05-04,29015,29165
2023-05-05,29765,29945
2023-05-08,27365,27520
2023-05-09,27770,27925
2023-05-10,27775,27930
2023-05-11,26845,27010
2023-05-12,26485,26645
2023-05-15,27475,27645
2023-05-16,26965,27150
2023-05-17,27430,27615
2023-05-18,26780,26970
2023-05-19,26885,27085
2023-05-22,26865,27095
2023-05-23,27200,27440
2023-05-24,26225,26395
2023-05-25,26565,26760
2023-05-26,26915,27095
2023-05-29,28070,28255
2023-05-31,27075,27255
2023-06-01,26925,27100
2023-06-02,27385,27550
2023-06-05,25640,25820
2023-06-06,27265,27410
2023-06-07,26610,26750
2023-06-08,26650,26790
2023-06-09,26475,26620
2023-06-12,25890,26025
2023-06-13,25930,26090
2023-06-14,25900,26040
2023-06-15,25470,25615
2023-06-16,26445,26565
2023-06-19,28180,28345
2023-06-21,30260,30445
2023-06-22,30370,30555
2023-06-23,31120,31355
2023-06-26,30315,30600
2023-06-27,30705,31040
2023-06-28,30110,30480
2023-06-29,31040,31330
2023-06-30,30680,30955
2023-07-03,31700,32000
2023-07-04,30675,30995
2023-07-06,30510,30785
2023-07-07,30370,30675
2023-07-10,31055,31310
2023-07-11,30755,31050
2023-07-12,30395,30705
2023-07-13,31925,32280
2023-07-14,30235,30565
2023-07-17,29990,30285
2023-07-18,29785,30060
2023-07-19,30105,30380
2023-07-20,29765,30085
2023-07-21,29885,30210
2023-07-24,29105,29380
2023-07-25,29180,29495
2023-07-26,29395,29615
2023-07-27,29310,29625
2023-07-28,29535,29825
2023-07-31,29285,29580
2023-08-01,29440,29735
2023-08-02,29280,29570
2023-08-03,29410,29695
2023-08-04,29090,29365
2023-08-07,29255,29520
2023-08-08,30075,30350
2023-08-09,29510,29785
2023-08-10,29495,29765
2023-08-11,29465,29730
2023-08-14,29395,29660
2023-08-15,29225,29495
2023-08-16,29130,29395
2023-08-17,27850,28130
2023-08-18,26020,26265
2023-08-21,26065,26295
2023-08-22,25730,25950
2023-08-23,26640,26755
2023-08-24,26140,26365
2023-08-25,26080,26290
2023-08-28,26090,26275
2023-08-29,28010,28215
2023-08-30,27260,27455
2023-08-31,26240,26445
2023-09-01,25700,25890
2023-09-04,25735,25890
2023-09-06,25705,25830
2023-09-07,25980,26105
2023-09-08,26005,26125
2023-09-11,25030,25160
2023-09-12,26125,26250
2023-09-13,26205,26325
2023-09-14,26765,26895
2023-09-15,26475,26605
2023-09-18,26885,27040
2023-09-19,27270,27425
2023-09-20,26990,27150
2023-09-21,26635,26805
2023-09-22,26545,26695
2023-09-25,26355,26540
2023-09-26,26245,26415
2023-09-27,26250,26410
2023-09-28,27355,27560
2023-09-29,27100,27275
2023-10-02,28150,28335
2023-10-03,27385,27575
2023-10-04,27775,27950
2023-10-05,27605,27775
2023-10-06,28145,28310
2023-10-09,27735,27925
2023-10-10,27490,27670
2023-10-11,26800,26985
2023-10-12,26755,26925
2023-10-13,26840,27000
2023-10-16,28575,28775
2023-10-17,28620,28810
2023-10-18,28320,28515
2023-10-19,28900,29095
2023-10-20,29685,29895
2023-10-23,31485,31770
2023-10-24,33845,34155
2023-10-25,34840,35215
2023-10-26,34305,34635
2023-10-27,33955,34255
2023-10-30,34765,35060
2023-10-31,34905,35220
2023-11-01,34965,35320
2023-11-02,35300,35695
2023-11-03,34805,35200
2023-11-06,35320,35730
2023-11-07,36145,36565
2023-11-08,35895,36355
2023-11-09,36805,37210
2023-11-10,37555,37995
2023-11-13,36915,37370
2023-11-14,35365,35815
2023-11-15,37820,38315
2023-11-16,36040,36550
2023-11-17,36565,37110
2023-11-20,37615,38300
2023-11-21,36920,37525
2023-11-22,38330,38890
2023-11-23,38575,39105
2023-11-27,37210,37695
2023-11-28,38885,39400
2023-11-29,38065,38495
2023-11-30,38190,38630
2023-12-01,39225,39720
2023-12-04,42280,42765
2023-12-05,44290,44825
2023-12-06,44215,44750
2023-12-07,43700,44210
2023-12-08,44910,45440
2023-12-11,41035,41520
2023-12-12,41455,41950
2023-12-13,43210,43740
2023-12-14,43140,43745
2023-12-15,42440,43020
2023-12-18,42105,42685
2023-12-19,42360,42910
2023-12-20,43630,44285
2023-12-21,43860,44495
2023-12-22,43765,44430
2023-12-26,42150,42780
2023-12-27,43565,44210
2023-12-28,43110,43610
2023-12-29,42485,42950
2024-01-02,45330,45825
2024-01-03,43080,43525
2024-01-04,44630,45105
2024-01-05,44385,44785
2024-01-08,47305,47700
2024-01-09,47045,47465
2024-01-10,46325,46715
2024-01-11,46350,46605
2024-01-12,43690,43930
2024-01-15,43295,43620
2024-01-17,42810,43180
2024-01-18,40880,41225
2024-01-19,41585,41935
2024-01-22,40180,40485
2024-01-23,39235,39560
2024-01-24,39700,39965
2024-01-25,40025,40410
2024-01-26,42390,42780
2024-01-29,43530,43945
2024-01-30,43890,44245
2024-01-31,42815,43180
2024-02-01,43275,43675
2024-02-02,43185,43605
2024-02-05,42555,42970
2024-02-06,43305,43735
2024-02-07,44410,44840
2024-02-08,45750,46200
2024-02-09,47770,48235
2024-02-12,50465,50985
2024-02-13,49640,50170
2024-02-14,51990,52585
2024-02-15,51955,52570
2024-02-16,52025,52670
2024-02-19,52090,52795
2024-02-21,50955,51630
2024-02-22,52715,53330
2024-02-23,51750,52355
2024-02-26,55290,55915
2024-02-27,57620,58250
2024-02-28,60870,61485
2024-02-29,62760,63385
2024-03-01,63825,64475
2024-03-04,68480,69225
2024-03-05,62425,63105
2024-03-06,67760,68505
2024-03-07,68365,69090
2024-03-08,69805,70540
2024-03-11,72660,73510
2024-03-12,71800,72660
2024-03-13,73915,74800
2024-03-14,69600,70360
2024-03-15,69165,69925
2024-03-18,67180,67865
2024-03-19,64595,65260
2024-03-20,65990,66690
2024-03-21,65415,66130
2024-03-22,63975,64715
2024-03-25,71130,71925
2024-03-26,69440,70210
2024-03-27,69310,70125
2024-03-28,71530,72360
2024-04-01,70380,71205
2024-04-02,66550,67320
2024-04-03,66305,67075
2024-04-04,68840,69625
2024-04-05,67755,68465
2024-04-08,72110,72935
2024-04-09,69355,70150
2024-04-10,70410,71205
2024-04-11,70800,71625
2024-04-12,67170,67965
2024-04-15,63560,64340
2024-04-16,62920,63685
2024-04-17,61130,61845
2024-04-18,63660,64365
2024-04-19,64355,65055
2024-04-22,66610,67355
2024-04-23,66435,67155
2024-04-24,63880,64490
2024-04-25,65270,65855
2024-04-26,64300,64880
2024-04-29,63450,63995
2024-04-30,59400,59785
2024-05-01,57355,57695
2024-05-02,59765,60205
2024-05-03,62590,63095
2024-05-06,63585,64100
2024-05-07,63365,63875
2024-05-08,62460,62910
2024-05-09,62840,63305
2024-05-10,60950,61380
2024-05-13,63480,63970
2024-05-14,61835,62325
2024-05-15,66495,67030
2024-05-16,65445,65995
2024-05-17,67365,67915
2024-05-20,70435,70995
2024-05-21,69500,70060
2024-05-22,69815,70390
2024-05-23,67205,67780
2024-05-24,69475,70065
2024-05-27,68455,69075
2024-05-29,67185,67780
2024-05-30,69345,70005
2024-05-31,68035,68605
2024-06-03,69660,70275
2024-06-04,71085,71720
2024-06-05,71890,72545
2024-06-06,70960,71585
2024-06-07,69755,70335
2024-06-10,69875,70390
2024-06-11,67735,68210
2024-06-12,67875,68410
2024-06-13,66860,67400
2024-06-14,65640,66190
2024-06-17,66865,67460
2024-06-18,64475,65055
2024-06-19,65100,65675
2024-06-21,64260,64810
2024-06-24,59145,59590
2024-06-25,62055,62550
2024-06-26,60940,61430
2024-06-27,61845,62425
2024-06-28,60325,60910
2024-07-01,63695,64310
2024-07-02,62185,62800
2024-07-03,59825,60450
2024-07-04,56685,57290
2024-07-08,56755,57360
2024-07-09,58160,58770
2024-07-10,57625,58230
2024-07-11,57580,58185
2024-07-12,57845,58440
2024-07-15,63700,64355
2024-07-16,65450,66130
2024-07-17,64730,65400
2024-07-18,63650,64295
2024-07-19,67480,68245
2024-07-22,68340,69090
2024-07-23,65565,66295
2024-07-24,65700,66445
2024-07-25,65390,65900
2024-07-26,68775,69350
2024-07-29,67860,68440
2024-07-30,66385,66960
2024-07-31,65685,66255
2024-08-01,63790,64325
2024-08-02,62945,63450
2024-08-05,53770,54175
2024-08-06,57145,57605
2024-08-07,55000,55460
2024-08-08,59695,60195
2024-08-09,60990,61485
2024-08-12,59200,59695
2024-08-13,61105,61605
2024-08-14,59080,59565
2024-08-15,57220,57685
2024-08-16,59990,60490
2024-08-19,59200,59690
2024-08-20,59670,60165
2024-08-21,61730,62240
2024-08-22,60350,60835
2024-08-23,63815,64330
2024-08-26,63330,63860
2024-08-27,62055,62540
2024-08-28,58950,59340
2024-08-29,59645,60120
2024-08-30,58980,59470
2024-09-02,58240,58700
2024-09-04,58355,58785
2024-09-05,56215,56650
2024-09-06,53695,54105
2024-09-09,57410,57850
2024-09-10,58195,58640
2024-09-11,57860,58290
2024-09-12,58580,59015
2024-09-13,59935,60385
2024-09-16,57985,58420
2024-09-17,60105,60550
2024-09-18,60140,60580
2024-09-19,63415,63880
2024-09-20,62935,63400
2024-09-23,63360,63785
2024-09-24,64460,64860
2024-09-25,63200,63580
2024-09-26,65215,65770
2024-09-27,66140,66715
2024-09-30,63745,64290
2024-10-01,61965,62480
2024-10-02,60430,60945
2024-10-03,61295,61810
2024-10-04,62715,63240
2024-10-07,63560,64090
2024-10-08,62400,62925
2024-10-09,61115,61630
2024-10-10,59795,60285
2024-10-11,63305,63840
2024-10-14,66145,66710
2024-10-15,67220,67795
2024-10-16,67925,68500
2024-10-17,66905,67485
2024-10-18,68785,69400
2024-10-21,67790,68385
2024-10-22,67490,68090
2024-10-23,66360,66925
2024-10-24,68840,69340
2024-10-25,67285,67760
2024-10-28,70300,70795
2024-10-29,73340,73865
2024-10-30,72535,73060
2024-10-31,70465,70980
2024-11-01,69730,70235
2024-11-04,67680,68170
2024-11-05,69860,70370
2024-11-06,76875,77435
2024-11-07,77180,77745
2024-11-08,77360,77935
2024-11-11,87735,88415
2024-11-12,90090,90830
2024-11-13,90255,91025
2024-11-14,87920,88680
2024-11-15,91985,92775
2024-11-18,92060,92855
2024-11-19,93060,93910
2024-11-20,94740,95630
2024-11-21,98735,99700
2024-11-22,99485,100500
2024-11-25,94945,95885
2024-11-26,91930,92915
2024-11-27,97945,99100
2024-11-28,98365,99730
2024-12-02,96635,97935
2024-12-03,96535,97840
2024-12-04,99915,101220
2024-12-05,99775,101080
2024-12-06,102435,103770
2024-12-09,96790,98065
2024-12-10,96975,98265
2024-12-11,102150,103540
2024-12-12,100405,101830
2024-12-13,102300,103825
2024-12-16,106560,108250
2024-12-17,107190,108895
2024-12-18,100870,102160
2024-12-19,96505,97500
2024-12-20,96600,97775
2024-12-23,93270,94170
2024-12-24,100320,101300
2024-12-26,96505,97500
2024-12-27,95310,96280
2024-12-30,94955,95930
2024-12-31,94120,95100
2025-01-02,98190,99175
2025-01-03,99230,100215
2025-01-06,103150,104165
2025-01-07,96785,97680
2025-01-08,94230,95015
2025-01-09,92140,92950
2025-01-10,95210,96080
2025-01-13,93905,94650
2025-01-14,96905,97730
2025-01-15,100060,100940
2025-01-16,100700,101585
2025-01-17,105280,106255
2025-01-20,106400,107310
2025-01-22,104430,105310
2025-01-23,103415,104155
2025-01-24,105060,105920
2025-01-27,101495,102210
2025-01-28,101205,101975
2025-01-29,105110,105925
2025-01-30,105735,106615
2025-01-31,102095,102965
2025-02-03,101965,102800
2025-02-04,99185,100000
2025-02-05,97710,98520
2025-02-06,97285,98085
2025-02-07,95990,96770
2025-02-10,97680,98470
2025-02-11,95425,96180
2025-02-12,97395,98185
2025-02-13,96510,97300
2025-02-14,97555,98360
2025-02-17,94055,94750
2025-02-19,96305,97010
2025-02-20,98705,99425
2025-02-21,94675,95295
2025-02-24,93990,94530
2025-02-25,87945,88465
2025-02-26,84785,85335
2025-02-27,83825,84415
2025-02-28,84650,85270
2025-03-03,86315,86945
2025-03-04,87330,87940
2025-03-05,90935,91595
2025-03-06,89460,90095
2025-03-07,87250,87850
2025-03-10,79025,79530
2025-03-11,83395,83955
2025-03-12,83155,83700
2025-03-13,80245,80765
2025-03-14,84840,85405
2025-03-17,84610,85115
2025-03-18,82230,82700
2025-03-19,85635,86135
2025-03-20,84195,84680
2025-03-21,83955,84455
2025-03-24,88415,88915
2025-03-25,88155,88655
2025-03-26,86965,87560
2025-03-27,87455,88095
2025-03-28,84045,84635
2025-03-31,82710,83290
2025-04-01,85350,85940
2025-04-02,87375,87970
2025-04-03,82165,82710
2025-04-04,84350,84910
2025-04-07,78245,78775
2025-04-08,76815,77340
2025-04-09,82615,83185
2025-04-10,79695,80250
2025-04-11,84095,84690
2025-04-14,85165,85790
2025-04-15,84160,84745
2025-04-16,84535,85140
2025-04-17,85110,85720
2025-04-21,87535,88205
2025-04-22,91660,92360
2025-04-23,94325,94870
2025-04-24,94460,95055
2025-04-25,96200,96815
2025-04-28,95505,96115
2025-04-29,95980,96595
2025-04-30,94695,95310
2025-05-01,97205,97830
2025-05-02,97505,98140
2025-05-05,94730,95325
2025-05-06,95410,96010
2025-05-07,96655,97255
2025-05-08,101780,102410
2025-05-09,103635,104280
2025-05-12,102115,102745
2025-05-13,105265,105905
2025-05-14,103620,104235
2025-05-15,103500,104110
2025-05-16,104425,105055
2025-05-19,105880,106545
2025-05-20,107360,108035
2025-05-21,108960,109680
2025-05-22,111440,112185
2025-05-23,108885,109625
2025-05-26,110025,110845
2025-05-28,107720,108430
2025-05-29,106295,107010
2025-05-30,105130,105835
2025-06-02,105005,105700
2025-06-03,106850,107540
2025-06-04,105485,106180
2025-06-05,102215,102885
2025-06-06,104770,105450
2025-06-09,109125,109825
2025-06-10,109980,110695
2025-06-11,109160,109865
2025-06-12,107095,107795
2025-06-13,105380,106080
2025-06-16,108920,109635
2025-06-17,104910,105605
2025-06-18,103965,104645
2025-06-19,103420,104080
2025-06-23,103295,103920
2025-06-24,105745,106405
2025-06-25,108510,109245
2025-06-26,108275,109040
2025-06-27,107485,108250
2025-06-30,108235,109030
2025-07-01,105750,106550
2025-07-02,110285,111095
2025-07-03,110415,111220
2025-07-04,108455,109255
2025-07-08,109215,110020
2025-07-09,112245,113055
2025-07-10,113870,114710
2025-07-11,118530,119405
2025-07-14,120235,121120
2025-07-15,116740,117610
2025-07-16,119630,120510
2025-07-17,119290,120175
2025-07-18,117565,118425
2025-07-21,116820,117675
2025-07-22,119505,120415
2025-07-23,119475,120190
2025-07-24,120110,120880
2025-07-25,117860,118610
2025-07-28,119010,119775
2025-07-29,118295,119055
2025-07-30,117620,118355
2025-07-31,117435,118180
2025-08-01,113570,114260
2025-08-04,115285,115980
2025-08-05,114155,114830
2025-08-06,115830,116525
2025-08-07,118165,118870
2025-08-08,116955,117660
2025-08-11,119465,120180
2025-08-12,120155,120890
2025-08-13,123430,124195
2025-08-14,118415,119175
2025-08-15,117235,117990
2025-08-18,116600,117335
2025-08-19,113235,113935
2025-08-20,114465,115170
2025-08-21,112285,112985
2025-08-22,116850,117590
2025-08-25,110910,111610
2025-08-26,111230,111915
2025-08-27,112880,113725
2025-08-28,112740,113575
2025-08-29,108775,109625
2025-09-01,111385,112230
2025-09-03,112830,113685
2025-09-04,110245,111095
2025-09-05,111955,112815
2025-09-08,112480,113335
2025-09-09,111695,112545
2025-09-10,113975,114840
2025-09-11,114930,115800
2025-09-12,117265,118145
2025-09-15,115575,116460
2025-09-16,117090,117975
2025-09-17,115825,116690
2025-09-18,117770,118630
2025-09-19,115265,116130
2025-09-22,112250,113075
2025-09-23,111715,112515
2025-09-24,114280,114900
2025-09-25,110020,110625
2025-09-26,109770,110425
2025-09-29,115230,115910
2025-09-30,115185,115860
2025-10-01,118285,118970
2025-10-02,121910,122610
2025-10-03,123635,124330
2025-10-06,126315,127030
2025-10-07,122355,123065
2025-10-08,124070,124785
2025-10-09,121620,122315
2025-10-10,116990,117630
2025-10-13,116380,117050
2025-10-14,113085,113740
2025-10-15,111550,112195
2025-10-16,108445,109055
2025-10-17,106675,107275
2025-10-20,111075,111700
2025-10-21,112105,112735
2025-10-22,107945,108525
2025-10-23,110420,110980
2025-10-24,110740,111300
2025-10-27,115070,115670
2025-10-28,113745,114320
2025-10-29,111140,111720
2025-10-30,106955,107535
2025-10-31,110320,110910
2025-11-03,107070,107630
2025-11-04,101030,101545
2025-11-05,104240,104780
2025-11-06,101210,101725
2025-11-07,104030,104565
2025-11-10,106365,106920
2025-11-11,102955,103500
2025-11-12,101735,102265
2025-11-13,98125,98635
2025-11-14,94365,94860
2025-11-17,91970,92415
2025-11-18,92925,93375
2025-11-19,89580,90000
2025-11-20,86440,86805
2025-11-21,84600,85000
2025-11-24,89175,89555
2025-11-25,87785,88280
2025-11-26,90355,90870
2025-11-27,91065,91665
2025-12-01,85760,86245
2025-12-02,91455,91985
2025-12-03,93265,93810
2025-12-04,92840,93380
2025-12-05,89600,90130
2025-12-08,90990,91515
2025-12-09,93340,93895
2025-12-10,92785,93330
2025-12-11,92010,92545
2025-12-12,90440,90960
2025-12-15,85985,86480
2025-12-16,87795,88295
2025-12-17,85965,86415
2025-12-18,84820,85255
2025-12-19,88060,88520
2025-12-22,88390,88870
2025-12-23,88140,88540
2025-12-24,87750,88140
2025-12-26,87960,88355
2025-12-29,87560,87955
2025-12-30,88260,88655
2025-12-31,87885,88280
2026-01-02,90190,90590
2026-01-05,94585,95005
2026-01-06,92795,93195
2026-01-07,91235,91615
2026-01-08,91105,91500
2026-01-09,90405,90800
2026-01-12,91660,92060
2026-01-13,94715,95120
2026-01-14,97965,98380
2026-01-15,95355,95765
2026-01-16,95665,96075
2026-01-19,89665,90015
2026-01-21,90230,90585
2026-01-22,89445,89790
2026-01-23,89500,89850
2026-01-26,87585,87935
2026-01-27,89390,89745
2026-01-28,89450,89800
2026-01-29,84400,84755
2026-01-30,84105,84450
2026-02-02,78205,78520
2026-02-03,76680,76985
2026-02-04,73570,73855
2026-02-05,63795,64030
2026-02-06,70260,70525
2026-02-09,70945,71205
2026-02-10,68935,69180
2026-02-11,67715,67955
2026-02-12,65500,65735
2026-02-13,68835,69085
2026-02-16,67865,68100
2026-02-18,66330,66565
2026-02-19,67205,67435
2026-02-20,67825,68080
2026-02-23,64510,64755
2026-02-24,64545,64790
2026-02-25,69515,69780
2026-02-26,67770,68035
2026-02-27,65880,66140
2026-03-02,69480,69765
2026-03-03,68465,68710
2026-03-04,73445,73735
2026-03-05,71530,71800
2026-03-06,68295,68540
2026-03-09,69205,69470
2026-03-10,70195,70465
2026-03-11,70825,71085
2026-03-12,70645,70900
2026-03-13,71325,71590
2026-03-16,74120,74390
2026-03-17,74685,74955
2026-03-18,71115,71370
2026-03-19,70360,70615
2026-03-20,70220,70485
2026-03-23,70735,70995
2026-03-24,69355,69615
2026-03-25,71140,71465
2026-03-26,68770,69100
2026-03-27,66225,66545
2026-03-30,66675,66995
2026-03-31,68035,68355
2026-04-01,68340,68660
2026-04-02,67180,67490
2026-04-03,67135,67455
2026-04-06,69945,70280
2026-04-07,69170,69490
2026-04-08,71475,71815
2026-04-09,72290,72620
2026-04-10,73485,73825
2026-04-13,73505,73835
2026-04-14,74400,74740
2026-04-15,75175,75530
2026-04-16,75510,75865
2026-04-17,77600,77970
2026-04-20,76380,76740
2026-04-21,75060,75415
2026-04-22,79370,79665
2026-04-23,78235,78565
2026-04-24,78015,78335
2026-04-27,77190,77510
2026-04-28,76660,76980
2026-04-29,75775,76090
2026-04-30,76740,77060
2026-05-01,78775,79105
2026-05-04,80390,80720
2026-05-05,81945,82285
2026-05-06,81735,82075
2026-05-07,80345,80680
2026-05-08,80385,80720
2026-05-11,82185,82525
2026-05-12,80995,81335
2026-05-13,79745,80075
2026-05-14,81620,81965
2026-05-15,79210,79530
2026-05-18,76895,77195
2026-05-19,76835,77135
2026-05-20,77705,78015
2026-05-21,77695,78005
2026-05-22,75775,76070
2026-05-25,75895,76190
2026-05-27,75170,75530
2026-05-28,73620,73995
2026-05-29,73715,74085
2026-06-01,71735,72085
2026-06-02,67395,67735
2026-06-03,65585,65915
2026-06-04,63795,64115
2026-06-05,60515,60820
2026-06-08,63475,63795
2026-06-09,62170,62480
2026-06-10,62030,62345
2026-06-11,63675,64000
2026-06-12,63660,63985
2026-06-15,66575,66910
2026-06-16,65700,66030
2026-06-17,64270,64585
2026-06-18,62945,63240
2026-06-19,64450,64750
2026-06-23,62365,62610
2026-06-24,60090,60300
2026-06-25,59435,59650
2026-06-26,59995,60240
2026-06-29,60555,60810
2026-06-30,58900,59135
2026-07-01,60180,60420
2026-07-02,61655,61905
2026-07-03,63885,64135
2026-07-07,63980,64235
2026-07-08,62430,62685
2026-07-09,63385,63640
2026-07-10,64085,64345
2026-07-13,62350,62595
2026-07-14,64715,64970
2026-07-15,65085,65340
2026-07-16,64385,64635
2026-07-17,64270,64520
2026-07-20,65185,65440
2026-07-21,66520,66780
2026-07-22,66010,66255
2026-07-23,64855,65095
2026-07-24,64215,64450
2026-07-27,64965,65190
2026-07-28,63870,64075
2026-07-29,63770,63970
2026-07-30,65085,65335
2026-07-31,63130,63365
2026-08-03,64085,64325
2026-08-04,64485,64735
2026-08-05,65080,65335
2026-08-06,64620,64870
2026-08-07,65175,65425
2026-08-10,64120,64370
2026-08-11,63600,63850
2026-08-12,63455,63700
2026-08-13,63475,63725
2026-08-14,62975,63230
2026-08-17,64410,64665
2026-08-18,64715,64970
2026-08-19,68575,68830
2026-08-20,72790,73080
2026-08-21,77180,77495
2026-08-24,78850,79180
2026-08-25,79010,79335
2026-08-26,78880,79250
2026-08-27,80280,80720
2026-08-28,77835,78255
2026-08-31,79245,79665
2026-09-01,77545,77950
2026-09-02,77580,77990
2026-09-03,82080,82505
2026-09-04,80055,80475
2026-09-07,78585,78995
2026-09-09,78370,78775
2026-09-10,77260,77665
2026-09-11,77430,77835
2026-09-14,79150,79555
2026-09-15,76165,76555
2026-09-16,76085,76470
2026-09-17,76605,76995
2026-09-18,81330,81755
2026-09-21,86590,87095
2026-09-22,86290,86770
2026-09-23,84985,85355
2026-09-24,84910,85290
2026-09-25,84420,84800
2026-09-28,83790,84165
2026-09-29,83940,84315
