as_of,open_interest,nc_long,nc_short,nc_spread,c_long,c_short,nr_long,nr_short
2018-04-10,1702,1077,1315,26,0,0,599,361
2018-04-17,2029,1305,1645,42,0,0,682,342
2018-04-24,2380,1497,2018,54,0,0,829,308
2018-05-01,1991,1375,1631,27,0,0,589,333
2018-05-08,2485,1675,2075,20,0,0,790,390
2018-05-15,2505,1675,2052,26,0,0,804,427
2018-05-22,2684,1785,2228,50,0,0,849,406
2018-05-29,2714,1696,2253,58,0,0,960,403
2018-06-05,2556,1713,2179,27,0,0,816,350
2018-06-12,2643,1805,2182,19,0,0,819,442
2018-06-19,2633,1718,2063,111,0,0,804,459
2018-06-26,2687,1708,2131,140,0,0,839,416
2018-07-03,2514,1680,2089,48,0,0,786,377
2018-07-10,2622,1808,2139,113,0,0,701,370
2018-07-17,2854,1987,2334,83,0,77,784,360
2018-07-24,3431,2295,2792,205,0,77,931,357
2018-07-31,3063,1981,2433,267,0,85,815,278
2018-08-07,2732,1616,1982,316,0,85,800,349
2018-08-14,2983,2203,2425,75,0,77,705,406
2018-08-21,2981,2189,2454,81,0,90,711,356
2018-08-28,2840,1915,2354,66,0,90,859,330
2018-09-04,2707,1862,2184,25,0,145,820,353
2018-09-11,2711,1746,2105,222,0,143,743,241
2018-09-18,2742,1656,2037,228,0,139,858,338
2018-09-25,2746,1625,1952,332,0,139,789,323
2018-10-02,2354,1590,1918,23,0,155,741,258
2018-10-09,2848,2038,2289,24,0,170,786,365
2018-10-16,2730,1962,2190,64,0,170,704,306
2018-10-23,3001,1870,1997,466,0,171,665,367
2018-10-30,2608,1973,2033,82,0,167,553,326
2018-11-06,2913,2248,2458,0,0,167,665,288
2018-11-13,3530,2892,3055,1,0,167,637,307
2018-11-20,3729,2467,2576,599,0,174,663,380
2018-11-27,3791,2677,2750,380,0,251,734,410
2018-12-04,3301,2638,2752,78,0,153,585,318
2018-12-11,3970,3091,3331,124,4,173,751,342
2018-12-18,4359,3407,3759,152,0,169,800,279
2018-12-24,3857,2951,3236,186,0,154,720,281
2018-12-31,3708,2686,2980,227,0,223,795,278
2019-01-08,3764,2976,3217,68,0,173,720,306
2019-01-15,4473,3554,3696,213,0,173,706,391
2019-01-22,4976,3350,3645,814,129,173,683,344
2019-01-29,4047,2888,3203,341,129,173,689,330
2019-02-05,3881,2678,2998,377,131,173,695,333
2019-02-12,3361,2021,2624,258,320,230,762,249
2019-02-19,3964,2486,3062,398,222,220,858,284
2019-02-26,3324,2368,2686,132,0,230,824,276
2019-03-05,3226,2203,2489,165,0,234,858,338
2019-03-12,3480,2307,2663,331,0,256,842,230
2019-03-19,3681,2383,2833,295,0,281,1003,272
2019-03-26,3428,1960,2326,538,0,232,930,332
2019-04-02,4000,2430,3056,471,0,229,1099,244
2019-04-09,4443,2846,3545,421,0,211,1176,266
2019-04-16,4324,2967,3673,193,0,202,1164,256
2019-04-23,4313,2771,3834,156,0,87,1386,236
2019-04-30,3817,2501,3466,98,0,46,1218,207
2019-05-07,4388,2946,3985,108,0,46,1334,249
2019-05-14,4447,2805,3750,289,0,46,1353,362
2019-05-21,4650,2845,3826,384,0,46,1421,394
2019-05-28,5190,3266,4417,371,0,46,1553,356
2019-06-04,4436,2834,3763,211,0,34,1391,428
2019-06-11,4434,2794,3694,280,0,101,1360,359
2019-06-18,5391,3400,4431,491,0,101,1500,368
2019-06-25,6021,3893,5126,391,0,87,1737,417
2019-07-02,5839,4082,5206,222,0,78,1535,333
2019-07-09,6075,4164,5472,181,0,78,1730,344
2019-07-16,5322,3322,4676,211,0,26,1789,409
2019-07-23,4928,3032,4254,184,0,26,1712,464
2019-07-30,4302,2687,3689,92,0,26,1523,495
2019-08-06,4692,2820,4048,72,0,26,1800,546
2019-08-13,4729,2871,4074,110,0,26,1748,519
2019-08-20,4485,2565,3807,224,0,26,1696,428
2019-08-27,4091,2285,3470,81,0,26,1725,514
2019-09-03,4493,2755,3875,154,0,26,1584,438
2019-09-10,4128,2447,3398,253,0,26,1428,451
2019-09-17,4174,2502,3572,219,0,26,1453,357
2019-09-24,4178,2253,3321,297,0,26,1628,534
2019-10-01,3348,1801,2666,137,0,0,1410,545
2019-10-08,3335,1805,2712,135,0,0,1395,488
2019-10-15,3444,1825,2691,201,0,0,1418,552
2019-10-22,3093,1493,2263,216,0,0,1384,614
2019-10-29,3155,1818,2547,152,0,0,1185,456
2019-11-05,3520,2036,2951,187,0,0,1297,382
2019-11-12,3091,1679,2544,138,0,0,1274,409
2019-11-19,3157,1630,2540,125,0,0,1402,492
2019-11-26,3554,1583,2593,302,0,0,1669,659
2019-12-03,2983,1425,2151,72,0,0,1486,760
2019-12-10,3232,1566,2447,122,0,0,1544,663
2019-12-17,3840,2045,3221,137,0,0,1658,482
2019-12-24,3541,1725,3053,126,0,0,1690,362
2019-12-31,3186,1699,2728,133,0,0,1354,325
2020-01-07,5400,3385,4820,258,0,0,1757,322
2020-01-14,5405,3368,4728,263,0,0,1774,414
2020-01-21,5139,2992,4390,345,0,0,1802,404
2020-01-28,4917,2623,4156,327,0,0,1967,434
2020-02-04,4367,2317,3788,199,0,0,1851,380
2020-02-11,6106,3604,5284,390,0,0,2112,432
2020-02-18,6463,4366,5774,275,0,0,1822,414
2020-02-25,5632,3750,4916,289,0,0,1593,427
2020-03-03,4837,2227,3809,621,0,0,1989,407
2020-03-10,4368,2384,3430,494,0,0,1490,444
2020-03-17,4474,2890,3876,103,0,0,1481,495
2020-03-24,3909,2266,3138,140,0,0,1503,631
2020-03-31,3947,2598,3303,90,0,0,1259,554
2020-04-07,5448,3380,4790,303,0,0,1765,355
2020-04-14,5538,3369,4875,266,0,0,1903,397
2020-04-21,5648,3409,4942,266,0,0,1973,440
2020-04-28,6111,3634,5228,466,0,0,2011,417
2020-05-05,7784,5006,6731,707,0,0,2071,346
2020-05-12,9939,6606,8937,657,31,0,2645,345
2020-05-19,10878,7342,9926,606,34,0,2896,346
2020-05-26,8722,6034,7684,402,0,0,2286,636
2020-06-02,8824,5914,8066,278,35,0,2597,480
2020-06-09,9565,6817,8760,243,32,0,2473,562
2020-06-16,8784,6382,7946,209,0,0,2193,629
2020-06-23,9330,6640,8437,382,0,0,2308,511
2020-06-30,7675,5696,6922,105,0,0,1874,648
2020-07-07,8165,6020,7505,85,0,0,2060,575
2020-07-14,8322,6323,7633,103,0,0,1896,586
2020-07-21,9230,6824,8524,129,0,0,2277,577
2020-07-28,13068,8809,12053,463,111,0,3685,552
2020-08-04,12703,8717,11972,295,177,0,3514,436
2020-08-11,13090,8456,11537,1069,137,0,3428,484
2020-08-18,14454,8632,12182,1737,200,0,3885,535
2020-08-25,11615,6917,9074,1326,175,0,3197,1215
2020-09-01,10617,6780,9339,839,183,0,2815,439
2020-09-08,8198,4643,6953,731,100,0,2724,514
2020-09-15,9383,5122,8002,779,67,0,3415,602
2020-09-22,8426,4078,6554,1275,67,0,3006,597
2020-09-29,7324,4119,6170,556,0,70,2649,528
2020-10-06,7511,4460,6595,355,0,70,2696,491
2020-10-13,9353,5902,8307,490,0,70,2961,486
2020-10-20,10896,7330,9991,466,28,70,3072,369
2020-10-27,12665,8550,11873,314,261,0,3540,478
2020-11-03,11278,7552,10628,155,166,70,3405,425
2020-11-10,11311,8057,10353,293,122,70,2839,595
2020-11-17,11509,7915,10426,316,168,70,3110,697
2020-11-24,12336,8285,10737,742,205,70,3104,787
2020-12-01,11812,7387,10389,873,218,89,3334,461
2020-12-08,11750,6880,10102,1059,408,83,3403,506
2020-12-15,11370,6400,9360,1334,502,70,3134,606
2020-12-21,12603,7308,10998,852,565,90,3878,663
2020-12-29,10653,6448,9281,562,478,90,3165,720
2021-01-05,11296,6939,9924,508,506,90,3343,774
2021-01-12,12039,7306,10639,677,380,90,3676,633
2021-01-19,11945,7406,10535,574,436,90,3529,746
2021-01-26,10787,6314,9095,840,457,96,3176,756
2021-02-02,9469,5342,8016,630,427,172,3070,651
2021-02-09,11055,6327,9171,926,379,203,3423,755
2021-02-16,11426,6672,9565,881,365,220,3508,760
2021-02-23,10572,6559,8644,751,370,269,2892,908
2021-03-02,8068,4467,6318,728,408,193,2465,829
2021-03-09,8785,4944,6857,796,410,260,2635,872
2021-03-16,9335,4797,7449,1004,479,165,3055,717
2021-03-23,9897,5541,7946,979,549,178,2828,794
2021-03-30,9322,5676,7891,552,498,203,2596,676
2021-04-06,9865,5938,8230,681,504,204,2742,750
2021-04-13,9653,5788,8253,499,546,206,2820,695
2021-04-20,8817,5147,7419,488,530,199,2652,711
2021-04-27,8429,4431,6340,855,458,203,2685,1031
2021-05-04,8306,4964,6728,586,470,124,2286,868
2021-05-11,8259,4663,6601,722,722,115,2152,821
2021-05-18,9160,6275,7234,709,357,372,1819,845
2021-05-25,8893,5024,6696,1167,631,216,2071,814
2021-06-01,7318,4369,5811,558,491,171,1900,778
2021-06-08,7566,4804,5985,624,235,132,1903,825
2021-06-15,7528,4320,5929,726,631,142,1851,731
2021-06-22,7914,4502,6030,854,645,142,1913,888
2021-06-29,6788,3798,5143,703,672,127,1615,815
2021-07-06,6889,4018,5289,706,562,112,1603,782
2021-07-13,7129,4476,5643,566,545,104,1542,816
2021-07-20,8283,5404,6596,707,608,112,1564,868
2021-07-27,7802,3743,5315,1637,730,102,1692,748
2021-08-03,6408,3867,5157,388,548,102,1605,761
2021-08-10,6769,4368,5472,341,286,198,1774,758
2021-08-17,7363,4804,5530,403,293,614,1863,816
2021-08-24,7515,4492,5606,765,335,364,1923,780
2021-08-31,6362,4066,5158,218,358,395,1720,591
2021-09-07,6659,4170,5264,279,360,475,1850,641
2021-09-14,6620,3866,5053,558,385,299,1811,710
2021-09-21,7348,4376,5401,737,390,364,1845,846
2021-09-28,7039,4539,5422,541,479,301,1480,775
2021-10-05,8886,5581,7099,948,599,45,1758,794
2021-10-12,10918,6844,8270,1634,689,134,1751,880
2021-10-19,13605,7069,9915,2182,486,240,3868,1268
2021-10-26,16671,7121,11533,3768,972,389,4810,981
2021-11-02,13512,9062,10674,1780,727,306,1943,752
2021-11-09,13821,9258,10725,1926,566,343,2071,827
2021-11-16,13648,8649,10127,2313,678,321,2008,887
2021-11-23,14357,9054,9214,2243,966,237,2094,2663
2021-11-30,13197,9526,11217,1037,823,126,1811,817
2021-12-07,13242,9580,10488,1537,457,340,1668,877
2021-12-14,13518,9795,10567,1737,421,164,1565,1050
2021-12-21,12852,8594,9472,2095,408,369,1755,916
2021-12-28,12468,8729,9271,1699,434,658,1606,840
2022-01-04,10563,7767,8371,861,437,530,1498,801
2022-01-11,10855,8025,8402,1042,347,529,1441,882
2022-01-18,11468,8417,8966,1289,355,377,1407,836
2022-01-25,11756,8678,8712,1324,285,763,1469,957
2022-02-01,9948,7984,7843,428,304,795,1232,882
2022-02-08,9886,7751,8070,285,376,565,1474,966
2022-02-15,10646,8307,8522,606,369,582,1364,936
2022-02-22,11007,8501,8784,846,322,578,1338,799
2022-03-01,9980,7981,7901,480,321,838,1198,761
2022-03-08,9591,7760,7495,609,272,694,950,793
2022-03-15,10198,7989,7799,901,279,732,1029,766
2022-03-22,11274,8425,8425,1260,326,807,1263,782
2022-03-29,12024,9722,9993,617,383,794,1302,620
2022-04-05,11374,8811,9055,804,437,834,1322,681
2022-04-12,10632,8207,8040,985,382,821,1058,786
2022-04-19,11276,8263,8457,1450,408,583,1155,786
2022-04-26,10709,8529,8117,888,350,776,942,928
2022-05-03,10051,8121,7733,765,298,727,867,826
2022-05-10,10841,8789,8086,836,227,1016,989,903
2022-05-17,11644,9564,8758,805,194,1069,1081,1012
2022-05-24,11729,9723,8874,793,141,958,1072,1104
2022-05-31,10900,8680,8277,1028,159,662,1033,933
2022-06-07,10990,8959,8469,799,169,698,1063,1024
2022-06-14,12242,9996,8935,1176,62,1009,1008,1122
2022-06-21,13537,10495,9449,1916,78,1073,1048,1099
2022-06-28,13707,11137,10052,1565,115,1062,890,1028
2022-07-05,13258,10642,10222,1400,158,620,1058,1016
2022-07-12,13505,10325,10496,1717,216,417,1247,875
2022-07-19,14512,10909,11415,1729,514,580,1360,788
2022-07-26,14957,9778,9899,3570,449,567,1160,921
2022-08-02,12849,9740,10321,1270,754,510,1085,748
2022-08-09,12510,9294,9524,1743,439,510,1034,733
2022-08-16,12423,9284,9377,1687,250,510,1202,849
2022-08-23,13302,10778,9814,1333,50,1249,1141,906
2022-08-30,14440,11777,10481,1592,75,1402,996,965
2022-09-06,15337,12743,11421,1575,63,1364,956,977
2022-09-13,13089,10268,10142,1331,546,866,944,750
2022-09-20,13880,11157,10580,1371,245,1057,1107,872
2022-09-27,14271,11902,10878,1244,64,1285,1061,864
2022-10-04,14230,11481,11513,1095,363,784,1291,838
2022-10-11,15756,12704,11847,2012,33,1110,1007,787
2022-10-18,14228,10710,10688,1994,120,785,1404,761
2022-10-25,14854,11084,11061,1993,601,981,1176,819
2022-11-01,12183,8967,9419,1592,406,422,1218,750
2022-11-08,14439,11303,11285,1667,200,649,1269,838
2022-11-15,17901,14096,13525,2437,137,1051,1231,888
2022-11-22,18354,14231,13525,2614,104,1113,1405,1102
2022-11-29,16832,13783,13459,1686,127,907,1236,780
2022-12-06,15769,12651,12584,1447,306,874,1365,864
2022-12-13,13989,10666,10706,1591,403,812,1329,880
2022-12-20,14563,11268,10951,1830,146,941,1319,841
2022-12-27,16028,12361,11668,2333,43,1082,1291,945
2023-01-03,14530,11747,11358,1607,73,651,1103,914
2023-01-10,14891,11989,12583,1116,447,476,1339,716
2023-01-17,15885,12456,13083,1038,951,614,1440,1150
2023-01-24,17390,13036,14473,1522,1365,453,1467,942
2023-01-31,17542,13599,15398,1015,1293,373,1635,756
2023-02-07,16843,13170,14348,1299,930,363,1444,833
2023-02-14,15158,11775,12558,1326,789,424,1268,850
2023-02-21,16501,12188,13000,2105,810,372,1398,1024
2023-02-28,15161,11921,12520,1295,713,427,1232,919
2023-03-07,12821,10107,10066,1298,326,478,1090,979
2023-03-14,13472,10584,10686,1411,229,512,1248,863
2023-03-21,14049,10851,11472,1319,429,532,1450,726
2023-03-28,14409,11168,11444,1529,263,534,1449,902
2023-04-04,13380,10415,11030,1205,302,485,1458,660
2023-04-11,15977,12216,13338,1362,857,484,1542,793
2023-04-18,15385,11629,12118,1871,517,693,1368,703
2023-04-25,14064,9566,9859,2724,410,706,1364,775
2023-05-02,12521,9685,9517,1288,289,1108,1259,608
2023-05-09,13102,10027,9604,1508,233,1364,1334,626
2023-05-16,13043,10055,9044,1491,163,1626,1334,882
2023-05-23,13043,10124,9231,1544,168,1413,1207,855
2023-05-30,11715,9040,8853,1246,251,875,1178,741
2023-06-06,13026,10106,9337,1561,187,1383,1172,745
2023-06-13,13251,10086,9343,1875,122,1309,1168,724
2023-06-20,15687,11932,11535,2246,250,1177,1259,729
2023-06-27,18829,13003,15097,2436,1610,620,1780,676
2023-07-03,17008,12854,14930,888,1698,566,1568,624
2023-07-11,16302,12322,14177,1102,1343,539,1535,484
2023-07-18,15455,11846,13007,1230,722,526,1657,692
2023-07-25,16017,11941,12586,2151,422,600,1503,680
2023-08-01,14860,11755,12294,1348,531,617,1226,601
2023-08-08,16743,12985,14134,1426,1082,626,1250,557
2023-08-15,15432,11981,12693,1550,602,588,1299,601
2023-08-22,17262,13427,11912,2532,132,2061,1171,757
2023-08-29,16172,13177,11670,1572,146,2227,1277,703
2023-09-05,14962,11933,9894,1706,105,2639,1218,723
2023-09-12,15423,11893,9661,2279,117,2660,1134,823
2023-09-19,16670,12869,11272,2480,130,2127,1191,791
2023-09-26,14844,10930,9136,2572,142,2175,1200,961
2023-10-03,14447,11964,10908,1127,161,1636,1195,776
2023-10-10,14683,11759,10608,1500,138,1800,1286,775
2023-10-17,16561,12766,12439,2173,281,1276,1341,673
2023-10-24,19678,14814,15268,2606,641,1079,1617,725
2023-10-31,19603,15495,17241,1041,1599,696,1468,625
2023-11-07,21749,17253,18930,1485,1431,637,1580,697
2023-11-14,21203,15939,17283,2550,1105,624,1609,746
2023-11-21,21939,17150,18026,1971,1154,709,1664,1233
2023-11-28,23027,18979,20724,1016,1344,552,1688,735
2023-12-05,23035,17907,20157,1592,1895,508,1641,778
2023-12-12,21211,15714,17781,2159,1684,496,1654,775
2023-12-19,23239,16517,18868,2362,1771,466,2589,1543
2023-12-26,22526,16274,18576,2563,1544,452,2145,935
2024-01-02,23579,18295,20516,1988,1612,378,1684,697
2024-01-09,26846,20654,22272,2977,1654,875,1561,722
2024-01-16,23286,17577,18571,2601,1361,1386,1747,728
2024-01-23,22815,16230,17891,3749,1223,336,1613,839
2024-01-30,20679,16519,18317,1472,1253,236,1435,654
2024-02-06,20897,16280,17803,1789,1237,480,1591,825
2024-02-13,24769,19147,21068,2383,1514,362,1725,956
2024-02-20,25530,19624,21722,2320,1862,660,1724,828
2024-02-27,25229,20034,22001,1710,1759,799,1726,719
2024-03-05,27747,22356,23708,2186,1500,1040,1705,813
2024-03-12,30398,24977,25971,2135,1486,1427,1800,865
2024-03-19,33196,24683,26779,4270,2580,1327,1663,820
2024-03-26,31238,25217,26292,2664,1534,1425,1823,857
2024-04-02,29745,24311,24151,2302,1513,2521,1619,771
2024-04-09,29074,23572,23725,2259,1544,2382,1699,708
2024-04-16,29526,22339,22702,4142,1513,1826,1532,856
2024-04-23,27932,22434,22434,2670,1303,1960,1525,868
2024-04-30,24795,19569,19563,2474,1291,1821,1461,937
2024-05-07,26155,20770,21553,2616,1181,1047,1588,939
2024-05-14,27077,21078,21255,3381,1099,1520,1519,921
2024-05-21,30694,23198,24088,4597,1313,1191,1586,818
2024-05-28,30255,22761,23517,4517,1214,1362,1763,859
2024-06-04,31086,24470,25589,3543,1472,1106,1601,848
2024-06-11,30503,23001,24139,4322,1548,1099,1632,943
2024-06-18,30627,22834,23557,4899,1355,1130,1539,1041
2024-06-25,30171,22103,22727,5448,1121,880,1499,1116
2024-07-02,27063,21270,22182,3264,1182,670,1347,947
2024-07-09,28241,23083,23201,3059,736,824,1363,1157
2024-07-16,31183,24710,25289,3919,1091,910,1463,1065
2024-07-23,32435,24521,25182,5080,1236,1054,1598,1119
2024-07-30,28605,24160,25162,1713,1265,938,1467,792
2024-08-06,27535,23954,23416,1838,579,1298,1164,983
2024-08-13,27874,24121,23726,1961,644,1320,1148,867
2024-08-20,29630,24016,24259,3472,927,910,1215,989
2024-08-27,29817,25105,25271,2321,1083,1215,1308,1010
2024-09-03,26859,23349,23241,1445,998,1349,1067,824
2024-09-10,28157,22969,23322,2866,1097,1012,1225,957
2024-09-17,30995,23866,24839,4347,1544,948,1238,861
2024-09-24,30542,23856,25402,3220,2033,940,1433,980
2024-10-01,28539,23406,25090,1938,2045,592,1150,919
2024-10-08,29382,24233,25515,2072,1827,955,1250,840
2024-10-15,34494,26758,28630,3999,2332,866,1405,999
2024-10-22,33562,26866,28511,3209,1969,855,1518,987
2024-10-29,33787,28156,30025,2171,2019,777,1441,814
2024-11-05,32011,26303,27760,2358,1907,980,1443,913
2024-11-12,38531,30887,32685,4248,1792,641,1604,957
2024-11-19,41203,31152,33236,6301,1917,623,1833,1043
2024-11-26,40510,30340,31536,6976,1527,1021,1667,977
2024-12-03,37021,30625,32220,3181,1615,575,1600,1045
2024-12-10,37588,31168,31888,3072,1721,1485,1627,1143
2024-12-17,42524,33073,32902,6092,1720,2203,1639,1327
2024-12-24,37125,30214,30343,3312,2263,2409,1336,1061
2024-12-31,33893,27828,28147,2586,2153,2197,1326,963
2025-01-07,35079,29046,27856,3180,1506,2914,1347,1129
2025-01-14,35471,28966,27631,3871,1330,2850,1304,1119
2025-01-21,38556,29121,28382,6324,1625,2632,1486,1218
2025-01-28,34317,28593,27428,2581,1482,2955,1661,1353
2025-02-04,32892,27570,26784,2449,1544,2462,1329,1197
2025-02-11,32949,26802,27169,2866,1834,1527,1447,1387
2025-02-18,33833,27367,27734,3267,1680,1539,1519,1293
2025-02-25,32060,25737,25533,3354,1489,1750,1480,1423
2025-03-04,28209,24469,23855,1617,937,1453,1186,1284
2025-03-11,28545,24485,22956,2201,745,2046,1114,1342
2025-03-18,30213,25241,23400,2994,680,2427,1298,1392
2025-03-25,29036,24376,23197,2508,945,2095,1207,1236
2025-04-01,27069,23373,22882,1718,901,1207,1077,1262
2025-04-08,26909,22388,21056,2945,591,1488,985,1420
2025-04-15,27126,20647,20061,4764,698,966,1017,1335
2025-04-22,28202,23058,23864,2811,1080,468,1253,1059
2025-04-29,26966,22355,23586,1944,1360,445,1307,991
2025-05-06,27971,22936,24717,1693,1982,441,1360,1120
2025-05-13,29070,23453,24280,2355,1986,438,1276,1997
2025-05-20,32033,24142,26094,4304,2121,429,1466,1206
2025-05-27,31964,24546,26820,3647,2217,445,1554,1052
2025-06-03,29758,24084,26396,1926,2407,458,1341,978
2025-06-10,30261,24781,26790,1753,2198,457,1529,1261
2025-06-17,30860,24364,26148,3103,1893,431,1500,1178
2025-06-24,31352,24232,26393,3471,2152,460,1497,1028
2025-07-01,29388,24186,25942,2177,1687,385,1338,884
2025-07-08,29591,24014,26450,1888,2206,326,1483,927
2025-07-15,31309,24282,26768,3111,2287,360,1629,1070
2025-07-22,30797,24447,26299,2981,1659,412,1710,1105
2025-07-29,28068,23851,24859,1417,1333,803,1467,989
2025-08-05,27561,23039,24540,1402,1660,465,1460,1154
2025-08-12,27851,23438,24180,1418,1371,1253,1624,1000
2025-08-19,28971,23064,24264,2862,1552,794,1493,1051
2025-08-26,27481,22793,23165,2071,1235,955,1382,1290
2025-09-02,26684,22452,23354,1700,1343,694,1189,936
2025-09-09,26930,23075,23543,1511,1081,1025,1263,851
2025-09-16,28844,23788,23768,2582,1151,1604,1323,890
2025-09-23,27809,23140,23061,2395,1029,1354,1245,999
2025-09-30,26874,22649,22757,1734,1211,1289,1280,1094
2025-10-07,29001,23528,24636,2509,1664,788,1300,1068
2025-10-14,28503,23892,24344,2086,1114,986,1411,1087
2025-10-21,28477,23426,23755,2463,1071,1211,1517,1048
2025-10-28,28717,22977,23520,3221,1154,1037,1365,939
2025-11-04,27093,22512,22787,2093,1178,1147,1310,1066
2025-11-10,27544,23043,22915,2151,1131,1230,1219,1248
2025-11-18,27116,22767,23079,1878,1100,939,1371,1220
2025-11-25,26260,21200,21283,2460,1061,1323,1539,1194
2025-12-02,24329,20237,19670,1941,997,1588,1154,1130
2025-12-09,24793,20410,20145,2105,1116,1463,1162,1080
2025-12-16,24502,19366,19260,3092,1019,1000,1025,1150
2025-12-23,21988,17363,17842,2118,1304,851,1203,1177
2025-12-30,20166,16411,16924,1355,1342,716,1058,1171
2026-01-06,22168,18004,18738,1633,1337,679,1194,1118
2026-01-13,23843,19118,19049,2264,1257,1391,1204,1139
2026-01-20,24541,19841,19543,2475,940,1385,1285,1138
2026-01-27,24276,18054,17364,4141,875,1460,1206,1311
2026-02-03,23044,18939,17931,2433,521,1489,1151,1191
2026-02-10,24157,17016,15999,5239,700,1817,1202,1102
2026-02-17,23335,16593,14955,5116,463,2170,1163,1094
2026-02-24,22919,16410,15238,4862,485,1605,1162,1214
2026-03-03,20302,15585,14574,2817,751,1613,1149,1298
2026-03-10,21047,15861,14559,3486,627,1949,1073,1053
2026-03-17,23807,16741,14968,5441,379,2241,1246,1157
2026-03-24,23268,15861,13755,6086,224,2173,1097,1254
2026-03-31,20631,14914,12661,4744,168,1977,805,1249
2026-04-07,22308,16142,13602,5089,150,2382,927,1235
2026-04-14,23761,17499,15306,5041,209,2252,1012,1162
2026-04-21,24994,17097,15026,6470,194,2444,1233,1054
2026-04-28,21692,17431,15039,3040,175,2507,1046,1106
2026-05-05,23402,19301,17860,2568,349,1888,1184,1086
2026-05-12,23535,18154,16895,3205,227,2387,1949,1048
2026-05-19,23000,17791,15679,3735,212,2484,1262,1102
2026-05-26,21625,17146,14864,3000,212,2602,1267,1159
2026-06-02,19882,17210,14752,1335,184,2779,1153,1016
2026-06-09,19776,17178,14160,1483,106,3012,1009,1121
2026-06-16,21125,17727,14252,2148,110,3655,1140,1070
2026-06-23,20554,16348,12824,3201,70,3323,935,1206
2026-06-30,18336,16495,12725,1011,72,3608,758,992
2026-07-07,18832,16073,12573,1900,38,3255,821,1104
2026-07-14,19385,15899,12808,2544,71,2976,871,1057
2026-07-21,20527,16402,13348,3235,97,3083,793,861
2026-07-28,20019,15572,11668,3687,38,3600,722,1064
2026-08-04,20143,17559,13807,1894,38,3370,652,1072
2026-08-11,21185,18184,14319,2185,38,3593,778,1088
2026-08-18,21760,17370,14634,3476,209,2657,705,993
2026-08-25,22216,16582,14633,4133,380,2170,1121,1280
2026-09-01,19697,16530,15827,1557,423,1500,1187,813
2026-09-08,21083,17600,16076,2146,64,2125,1273,736
2026-09-15,20773,16744,14276,2901,107,2764,1021,832
2026-09-22,22315,17658,14902,3307,66,3175,1284,931
