as_of,lev_money_short
2018-04-10,1108
2018-04-17,1313
2018-04-24,1682
2018-05-01,1348
2018-05-08,1707
2018-05-15,1657
2018-05-22,1872
2018-05-29,1812
2018-06-05,1845
2018-06-12,1634
2018-06-19,1414
2018-06-26,1505
2018-07-03,1639
2018-07-10,1652
2018-07-17,1990
2018-07-24,2313
2018-07-31,1969
2018-08-07,1454
2018-08-14,1766
2018-08-21,1838
2018-08-28,1745
2018-09-04,1657
2018-09-11,1322
2018-09-18,1382
2018-09-25,1420
2018-10-02,1342
2018-10-09,1656
2018-10-16,1620
2018-10-23,1400
2018-10-30,1511
2018-11-06,1965
2018-11-13,2353
2018-11-20,1912
2018-11-27,2089
2018-12-04,2317
2018-12-11,2699
2018-12-18,3213
2018-12-24,2577
2018-12-31,2389
2019-01-08,2648
2019-01-15,2923
2019-01-22,2863
2019-01-29,2572
2019-02-05,2429
2019-02-12,2090
2019-02-19,2259
2019-02-26,1885
2019-03-05,1812
2019-03-12,2257
2019-03-19,2528
2019-03-26,2105
2019-04-02,2598
2019-04-09,2714
2019-04-16,2541
2019-04-23,2458
2019-04-30,2375
2019-05-07,2692
2019-05-14,2455
2019-05-21,2498
2019-05-28,2763
2019-06-04,2698
2019-06-11,3044
2019-06-18,2911
2019-06-25,3246
2019-07-02,3326
2019-07-09,3730
2019-07-16,3394
2019-07-23,2799
2019-07-30,2288
2019-08-06,2264
2019-08-13,2480
2019-08-20,2209
2019-08-27,2093
2019-09-03,2467
2019-09-10,2233
2019-09-17,2254
2019-09-24,2510
2019-10-01,2063
2019-10-08,2048
2019-10-15,2031
2019-10-22,1714
2019-10-29,2016
2019-11-05,2345
2019-11-12,2043
2019-11-19,1914
2019-11-26,1669
2019-12-03,1257
2019-12-10,1766
2019-12-17,2446
2019-12-24,2256
2019-12-31,1840
2020-01-07,3661
2020-01-14,3339
2020-01-21,3035
2020-01-28,2907
2020-02-04,3136
2020-02-11,4553
2020-02-18,5258
2020-02-25,4511
2020-03-03,3454
2020-03-10,3002
2020-03-17,2907
2020-03-24,2291
2020-03-31,2602
2020-04-07,3652
2020-04-14,3198
2020-04-21,3026
2020-04-28,3379
2020-05-05,4269
2020-05-12,6477
2020-05-19,6815
2020-05-26,4783
2020-06-02,5752
2020-06-09,6198
2020-06-16,5710
2020-06-23,6230
2020-06-30,5332
2020-07-07,5731
2020-07-14,5460
2020-07-21,6062
2020-07-28,7942
2020-08-04,7702
2020-08-11,7785
2020-08-18,8590
2020-08-25,6148
2020-09-01,6842
2020-09-08,4661
2020-09-15,5224
2020-09-22,4480
2020-09-29,4730
2020-10-06,4854
2020-10-13,6314
2020-10-20,7741
2020-10-27,9010
2020-11-03,8007
2020-11-10,7881
2020-11-17,8097
2020-11-24,9864
2020-12-01,9375
2020-12-08,9354
2020-12-15,8702
2020-12-21,10320
2020-12-29,8466
2021-01-05,9058
2021-01-12,9602
2021-01-19,9119
2021-01-26,7991
2021-02-02,7224
2021-02-09,8481
2021-02-16,8750
2021-02-23,7639
2021-03-02,5563
2021-03-09,6148
2021-03-16,6756
2021-03-23,7198
2021-03-30,7144
2021-04-06,7477
2021-04-13,7634
2021-04-20,6709
2021-04-27,5464
2021-05-04,5507
2021-05-11,5409
2021-05-18,6123
2021-05-25,5748
2021-06-01,4949
2021-06-08,4964
2021-06-15,5090
2021-06-22,4927
2021-06-29,4357
2021-07-06,4603
2021-07-13,4923
2021-07-20,5724
2021-07-27,4841
2021-08-03,4782
2021-08-10,5113
2021-08-17,5542
2021-08-24,5302
2021-08-31,4797
2021-09-07,4990
2021-09-14,4496
2021-09-21,4939
2021-09-28,4956
2021-10-05,5994
2021-10-12,6863
2021-10-19,8317
2021-10-26,9423
2021-11-02,8642
2021-11-09,8676
2021-11-16,8182
2021-11-23,7063
2021-11-30,7811
2021-12-07,8095
2021-12-14,7824
2021-12-21,7571
2021-12-28,8104
2022-01-04,6807
2022-01-11,7159
2022-01-18,7339
2022-01-25,7612
2022-02-01,6716
2022-02-08,6361
2022-02-15,6396
2022-02-22,7243
2022-03-01,6299
2022-03-08,6174
2022-03-15,6512
2022-03-22,6807
2022-03-29,7133
2022-04-05,6702
2022-04-12,6654
2022-04-19,6226
2022-04-26,6812
2022-05-03,6834
2022-05-10,7192
2022-05-17,7691
2022-05-24,7249
2022-05-31,6428
2022-06-07,6173
2022-06-14,6572
2022-06-21,7167
2022-06-28,7597
2022-07-05,7408
2022-07-12,7149
2022-07-19,8296
2022-07-26,6814
2022-08-02,7094
2022-08-09,6556
2022-08-16,6270
2022-08-23,7502
2022-08-30,7908
2022-09-06,8072
2022-09-13,7045
2022-09-20,7241
2022-09-27,7962
2022-10-04,8175
2022-10-11,8172
2022-10-18,7219
2022-10-25,7875
2022-11-01,5873
2022-11-08,7038
2022-11-15,9052
2022-11-22,8672
2022-11-29,8606
2022-12-06,7707
2022-12-13,5677
2022-12-20,5692
2022-12-27,6690
2023-01-03,5650
2023-01-10,6612
2023-01-17,6490
2023-01-24,7642
2023-01-31,7201
2023-02-07,6690
2023-02-14,6159
2023-02-21,6405
2023-02-28,6106
2023-03-07,5259
2023-03-14,6047
2023-03-21,7746
2023-03-28,7217
2023-04-04,6656
2023-04-11,8136
2023-04-18,7737
2023-04-25,6625
2023-05-02,6596
2023-05-09,7634
2023-05-16,7062
2023-05-23,7078
2023-05-30,6639
2023-06-06,7625
2023-06-13,7634
2023-06-20,9079
2023-06-27,10411
2023-07-03,10464
2023-07-11,9931
2023-07-18,8830
2023-07-25,8844
2023-08-01,8957
2023-08-08,10164
2023-08-15,8694
2023-08-22,10163
2023-08-29,10012
2023-09-05,8755
2023-09-12,9221
2023-09-19,10304
2023-09-26,8220
2023-10-03,8565
2023-10-10,9114
2023-10-17,10429
2023-10-24,11489
2023-10-31,11822
2023-11-07,12188
2023-11-14,10635
2023-11-21,11322
2023-11-28,13303
2023-12-05,12535
2023-12-12,11606
2023-12-19,12415
2023-12-26,12649
2024-01-02,13616
2024-01-09,14998
2024-01-16,13413
2024-01-23,11328
2024-01-30,12123
2024-02-06,12252
2024-02-13,14059
2024-02-20,14677
2024-02-27,15037
2024-03-05,17059
2024-03-12,19287
2024-03-19,19917
2024-03-26,19731
2024-04-02,19313
2024-04-09,19010
2024-04-16,17836
2024-04-23,19059
2024-04-30,16525
2024-05-07,17120
2024-05-14,17479
2024-05-21,19154
2024-05-28,19191
2024-06-04,21276
2024-06-11,20045
2024-06-18,19548
2024-06-25,18592
2024-07-02,18022
2024-07-09,18928
2024-07-16,20439
2024-07-23,20542
2024-07-30,20293
2024-08-06,19127
2024-08-13,19491
2024-08-20,19036
2024-08-27,20297
2024-09-03,18876
2024-09-10,18886
2024-09-17,19963
2024-09-24,20623
2024-10-01,20031
2024-10-08,20828
2024-10-15,23179
2024-10-22,23303
2024-10-29,24660
2024-11-05,22738
2024-11-12,25189
2024-11-19,25022
2024-11-26,24505
2024-12-03,25749
2024-12-10,25643
2024-12-17,26850
2024-12-24,25242
2024-12-31,23835
2025-01-07,25239
2025-01-14,25213
2025-01-21,25465
2025-01-28,25715
2025-02-04,24540
2025-02-11,23444
2025-02-18,23814
2025-02-25,23048
2025-03-04,21286
2025-03-11,20818
2025-03-18,21349
2025-03-25,20637
2025-04-01,19104
2025-04-08,16828
2025-04-15,15328
2025-04-22,18186
2025-04-29,18060
2025-05-06,19432
2025-05-13,17182
2025-05-20,17839
2025-05-27,18786
2025-06-03,18484
2025-06-10,18785
2025-06-17,18800
2025-06-24,19112
2025-07-01,18353
2025-07-08,18764
2025-07-15,19605
2025-07-22,19707
2025-07-29,19584
2025-08-05,18987
2025-08-12,19736
2025-08-19,19148
2025-08-26,18587
2025-09-02,18170
2025-09-09,18505
2025-09-16,19327
2025-09-23,18016
2025-09-30,16883
2025-10-07,17430
2025-10-14,17470
2025-10-21,17140
2025-10-28,19944
2025-11-04,19438
2025-11-10,19586
2025-11-18,19134
2025-11-25,18116
2025-12-02,16800
2025-12-09,17173
2025-12-16,15635
2025-12-23,13937
2025-12-30,13026
2026-01-06,14294
2026-01-13,15408
2026-01-20,16149
2026-01-27,15399
2026-02-03,15875
2026-02-10,13871
2026-02-17,12830
2026-02-24,12360
2026-03-03,12333
2026-03-10,12737
2026-03-17,13390
2026-03-24,12165
2026-03-31,11043
2026-04-07,12028
2026-04-14,13557
2026-04-21,13657
2026-04-28,13894
2026-05-05,15886
2026-05-12,15417
2026-05-19,14214
2026-05-26,13300
2026-06-02,12827
2026-06-09,12148
2026-06-16,12684
2026-06-23,11055
2026-06-30,10721
2026-07-07,11123
2026-07-14,11506
2026-07-21,11991
2026-07-28,10168
2026-08-04,11483
2026-08-11,12049
2026-08-18,11927
2026-08-25,11270
2026-09-01,12150
2026-09-08,13038
2026-09-15,11899
2026-09-22,12698
