date,us03m,us10y
2016-07-01,0.2638,
2016-07-05,0.2516,
2016-07-06,0.2821,
2016-07-07,0.2953,
2016-07-08,0.2892,
2016-07-11,0.2907,
2016-07-12,0.3024,
2016-07-13,0.3125,
2016-07-14,0.3196,
2016-07-15,0.3095,
2016-07-18,0.3107,
2016-07-19,0.3176,
2016-07-20,0.3257,1.5827
2016-07-21,0.3156,1.5586
2016-07-22,0.3222,1.568
2016-07-25,0.315,1.5757
2016-07-26,0.314,1.5645
2016-07-27,0.3064,1.5002
2016-07-28,0.246,1.5078
2016-07-29,0.2638,1.4544
2016-08-01,0.2719,1.5249
2016-08-02,0.277,1.5571
2016-08-03,0.28,1.545
2016-08-04,0.2739,1.5042
2016-08-05,0.2638,1.5907
2016-08-08,0.2704,1.5941
2016-08-09,0.2871,1.5496
2016-08-10,0.2922,1.5087
2016-08-11,0.2953,1.5614
2016-08-12,0.2866,1.5148
2016-08-15,0.2904,1.5593
2016-08-16,0.2993,1.5772
2016-08-17,0.2993,1.5525
2016-08-18,0.3044,1.5368
2016-08-19,0.3044,1.5815
2016-08-22,0.2942,1.5449
2016-08-23,0.3146,1.5483
2016-08-24,0.3196,1.5637
2016-08-25,0.3247,1.5773
2016-08-26,0.3247,1.633
2016-08-29,0.3176,1.562
2016-08-30,0.3278,1.5689
2016-08-31,0.3361,1.5826
2016-09-01,0.3346,1.5693
2016-09-02,0.3247,1.6054
2016-09-06,0.3379,1.5357
2016-09-07,0.343,1.5421
2016-09-08,0.3511,1.6003
2016-09-09,0.3526,1.6775
2016-09-12,0.3735,1.665
2016-09-13,0.3653,1.7293
2016-09-14,0.3328,1.7006
2016-09-15,0.2902,1.6933
2016-09-16,0.2942,1.6939
2016-09-19,0.2851,1.7131
2016-09-20,0.3044,1.6914
2016-09-21,0.2232,1.6537
2016-09-22,0.1836,1.6209
2016-09-23,0.1775,1.6201
2016-09-26,0.1856,1.5848
2016-09-27,0.2668,1.559
2016-09-28,0.2821,1.5736
2016-09-29,0.2648,1.5603
2016-09-30,0.2765,1.5979
2016-10-03,0.3074,1.6247
2016-10-04,0.3349,1.6886
2016-10-05,0.3278,1.7052
2016-10-06,0.3257,1.7398
2016-10-07,0.3257,1.7203
2016-10-10,0.3272,
2016-10-11,0.3359,1.766
2016-10-12,0.3501,1.7718
2016-10-13,0.2922,1.7442
2016-10-14,0.3095,1.8003
2016-10-17,0.3105,1.7682
2016-10-18,0.3379,1.7401
2016-10-19,0.3349,1.745
2016-10-20,0.3308,1.7583
2016-10-21,0.3308,1.7369
2016-10-24,0.3257,1.7669
2016-10-25,0.345,1.7582
2016-10-26,0.3349,1.7949
2016-10-27,0.2902,1.8554
2016-10-28,0.28,1.8486
2016-10-31,0.3054,1.8273
2016-11-01,0.3633,1.8291
2016-11-02,0.3653,1.8048
2016-11-03,0.3735,1.8142
2016-11-04,0.3663,1.7776
2016-11-07,0.4039,1.8283
2016-11-08,0.4293,1.8574
2016-11-09,0.4464,2.0603
2016-11-10,0.4771,2.1536
2016-11-11,0.4771,2.1518
2016-11-14,0.5106,2.2641
2016-11-15,0.4954,2.2211
2016-11-16,0.4852,2.2243
2016-11-17,0.4375,2.3044
2016-11-18,0.4374,2.3571
2016-11-21,0.4395,2.3172
2016-11-22,0.4801,2.3137
2016-11-23,0.5025,2.352
2016-11-24,,2.3525
2016-11-25,0.4974,2.3599
2016-11-28,0.47,2.3146
2016-11-29,0.4801,2.2919
2016-11-30,0.4883,2.3846
2016-12-01,0.4751,2.4508
2016-12-02,0.4679,2.3872
2016-12-05,0.47,2.3968
2016-12-06,0.4954,2.3915
2016-12-07,0.4954,2.3419
2016-12-08,0.5081,2.4102
2016-12-09,0.5391,2.4693
2016-12-12,0.5106,2.4744
2016-12-13,0.5399,2.4741
2016-12-14,0.5381,2.5735
2016-12-15,0.5127,2.6004
2016-12-16,0.5025,2.5935
2016-12-19,0.4974,2.5414
2016-12-20,0.5279,2.5605
2016-12-21,0.5228,2.538
2016-12-22,0.5076,2.5538
2016-12-23,0.5126,2.5405
2016-12-27,0.5228,2.5619
2016-12-28,0.5203,2.5103
2016-12-29,0.4593,2.4769
2016-12-30,0.505,2.4503
2017-01-03,0.4974,2.4472
2017-01-04,0.533,2.4413
2017-01-05,0.5228,2.3479
2017-01-06,0.5203,2.4221
2017-01-09,0.505,2.3669
2017-01-10,0.5178,2.3784
2017-01-11,0.5178,2.3758
2017-01-12,0.5228,2.364
2017-01-13,0.533,2.3968
2017-01-16,,2.3965
2017-01-17,0.5253,2.3258
2017-01-18,0.533,2.4319
2017-01-19,0.5076,2.4757
2017-01-20,0.4974,2.4682
2017-01-23,0.4923,2.3998
2017-01-24,0.5076,2.4671
2017-01-25,0.5025,2.5144
2017-01-26,0.5076,2.5057
2017-01-27,0.5203,2.4866
2017-01-30,0.5126,2.4905
2017-01-31,0.5203,2.4568
2017-02-01,0.5076,2.4736
2017-02-02,0.5025,2.4755
2017-02-03,0.5126,2.468
2017-02-06,0.5228,2.4104
2017-02-07,0.5432,2.3963
2017-02-08,0.5432,2.3395
2017-02-09,0.5457,2.3966
2017-02-10,0.5406,2.4104
2017-02-13,0.5431,2.4367
2017-02-14,0.5432,2.4712
2017-02-15,0.5355,2.4955
2017-02-16,0.5228,2.4489
2017-02-17,0.5177,2.4182
2017-02-21,0.5228,2.4321
2017-02-22,0.5228,2.4156
2017-02-23,0.5076,2.3746
2017-02-24,0.5228,2.3148
2017-02-27,0.5101,2.3667
2017-02-28,0.6118,2.3935
2017-03-01,0.6296,2.4562
2017-03-02,0.6703,2.4788
2017-03-03,0.7008,2.4807
2017-03-06,0.7313,2.5015
2017-03-07,0.7517,2.5201
2017-03-08,0.7212,2.5624
2017-03-09,0.7313,2.6085
2017-03-10,0.7414,2.5777
2017-03-13,0.744,2.6272
2017-03-14,0.767,2.6007
2017-03-15,0.7517,2.4953
2017-03-16,0.7364,2.5416
2017-03-17,0.7516,2.5023
2017-03-20,0.7338,2.4626
2017-03-21,0.7771,2.4198
2017-03-22,0.7746,2.4072
2017-03-23,0.7644,2.4226
2017-03-24,0.772,2.4141
2017-03-27,0.7796,2.3796
2017-03-28,0.7899,2.4205
2017-03-29,0.7797,2.3792
2017-03-30,0.7695,2.422
2017-03-31,0.7567,2.3901
2017-04-03,0.7643,2.3224
2017-04-04,0.7899,2.3636
2017-04-05,0.7975,2.3395
2017-04-06,0.8026,2.3417
2017-04-07,0.8203,2.3836
2017-04-10,0.8101,2.3679
2017-04-11,0.8128,2.2984
2017-04-12,0.8077,2.2405
2017-04-13,0.8101,2.2383
2017-04-14,,2.2338
2017-04-17,0.8127,2.2512
2017-04-18,0.823,2.1727
2017-04-19,0.8051,2.216
2017-04-20,0.8026,2.2338
2017-04-21,0.7872,2.2485
2017-04-24,0.7949,2.2748
2017-04-25,0.823,2.3349
2017-04-26,0.828,2.3049
2017-04-27,0.8076,2.2981
2017-04-28,0.805,2.2834
2017-05-01,0.8101,2.3211
2017-05-02,0.8471,2.2829
2017-05-03,0.8688,2.3193
2017-05-04,0.8738,2.3559
2017-05-05,0.8941,2.3514
2017-05-08,0.8814,2.3891
2017-05-09,0.9146,2.4004
2017-05-10,0.8993,2.4169
2017-05-11,0.884,2.3887
2017-05-12,0.8789,2.327
2017-05-15,0.8839,2.3455
2017-05-16,0.9044,2.3279
2017-05-17,0.8942,2.2264
2017-05-18,0.9197,2.2321
2017-05-19,0.9119,2.2372
2017-05-22,0.9017,2.2568
2017-05-23,0.9248,2.2834
2017-05-24,0.9248,2.2515
2017-05-25,0.9298,2.2575
2017-05-26,0.9348,2.2478
2017-05-30,0.9374,2.2111
2017-05-31,0.9706,2.2058
2017-06-01,0.9782,2.2136
2017-06-02,0.9731,2.1608
2017-06-05,0.9807,2.1834
2017-06-06,0.9783,2.1477
2017-06-07,0.9935,2.1755
2017-06-08,0.9986,2.1911
2017-06-09,1.0138,2.2027
2017-06-12,0.9985,2.2162
2017-06-13,1.0037,2.2136
2017-06-14,1.0088,2.1286
2017-06-15,1.0113,2.1663
2017-06-16,1.0189,2.1544
2017-06-19,1.0112,2.191
2017-06-20,1.019,2.1591
2017-06-21,1.0063,2.1656
2017-06-22,0.9553,2.1498
2017-06-23,0.9858,2.1453
2017-06-26,0.9577,2.14
2017-06-27,1.0063,2.2086
2017-06-28,1.0114,2.2301
2017-06-29,1.019,2.2692
2017-06-30,1.0265,2.305
2017-07-03,1.0239,2.3512
2017-07-04,,2.3481
2017-07-05,1.047,2.3254
2017-07-06,1.0539,2.3686
2017-07-07,1.0367,2.3874
2017-07-10,1.0367,2.3766
2017-07-11,1.0573,2.3632
2017-07-12,1.0394,2.3204
2017-07-13,1.0419,2.3471
2017-07-14,1.0418,2.3346
2017-07-17,1.0443,2.3163
2017-07-18,1.07,2.2607
2017-07-19,1.1133,2.2727
2017-07-20,1.1489,2.2602
2017-07-21,1.1718,2.2393
2017-07-24,1.2042,2.257
2017-07-25,1.1949,2.3381
2017-07-26,1.126,2.2894
2017-07-27,1.1318,2.3148
2017-07-28,1.0724,2.292
2017-07-31,1.0851,2.2969
2017-08-01,1.0878,2.2554
2017-08-02,1.0776,2.2719
2017-08-03,1.0827,2.2234
2017-08-04,1.0698,2.2651
2017-08-07,1.0571,2.2553
2017-08-08,1.0624,2.2641
2017-08-09,1.047,2.2503
2017-08-10,1.0368,2.1997
2017-08-11,1.0418,2.1919
2017-08-14,1.0291,2.2215
2017-08-15,1.0318,2.2755
2017-08-16,1.0343,2.2255
2017-08-17,1.0088,2.1879
2017-08-18,1.0113,2.1966
2017-08-21,0.9858,2.1843
2017-08-22,1.0114,2.2153
2017-08-23,1.0012,2.1686
2017-08-24,1.0216,2.1974
2017-08-25,1.0113,2.1681
2017-08-28,1.0316,2.1597
2017-08-29,1.0369,2.1314
2017-08-30,1.0216,2.134
2017-08-31,0.9961,2.12
2017-09-01,1.0138,2.1687
2017-09-04,,2.1674
2017-09-05,1.0112,2.0617
2017-09-06,1.0776,2.1059
2017-09-07,1.047,2.0413
2017-09-08,1.0444,2.0533
2017-09-11,1.0592,2.1319
2017-09-12,1.042,2.169
2017-09-13,1.0394,2.19
2017-09-14,1.047,2.1869
2017-09-15,1.0393,2.2049
2017-09-18,1.0214,2.2313
2017-09-19,1.042,2.2468
2017-09-20,1.0539,2.2707
2017-09-21,1.047,2.2796
2017-09-22,1.0214,2.253
2017-09-25,1.0522,2.2216
2017-09-26,1.0776,2.2379
2017-09-27,1.0572,2.3121
2017-09-28,1.0572,2.3103
2017-09-29,1.0596,2.3358
2017-10-02,1.0341,2.3439
2017-10-03,1.0674,2.3238
2017-10-04,1.0725,2.3256
2017-10-05,1.0699,2.3493
2017-10-06,1.0698,2.3611
2017-10-09,1.0724,2.3697
2017-10-10,1.0825,2.3616
2017-10-11,1.0929,2.3504
2017-10-12,1.0827,2.3199
2017-10-13,1.0775,2.2757
2017-10-16,1.0749,2.3056
2017-10-17,1.1006,2.3025
2017-10-18,1.0929,2.3483
2017-10-19,1.098,2.3205
2017-10-20,1.1157,2.3863
2017-10-23,1.0978,2.3696
2017-10-24,1.121,2.4199
2017-10-25,1.1107,2.434
2017-10-26,1.1082,2.4636
2017-10-27,1.103,2.4105
2017-10-30,1.1029,2.3712
2017-10-31,1.1465,2.3798
2017-11-01,1.189,2.3744
2017-11-02,1.1693,2.3477
2017-11-03,1.1769,2.3347
2017-11-06,1.187,2.3185
2017-11-07,1.2204,2.3163
2017-11-08,1.2306,2.3361
2017-11-09,1.2305,2.3438
2017-11-10,1.2253,2.4006
2017-11-13,1.2304,2.4073
2017-11-14,1.2587,2.3753
2017-11-15,1.2459,2.3253
2017-11-16,1.2713,2.378
2017-11-17,1.2763,2.3457
2017-11-20,1.261,2.3688
2017-11-21,1.3071,2.3577
2017-11-22,1.2892,2.3214
2017-11-23,,2.3188
2017-11-24,1.2712,2.3414
2017-11-27,1.2533,2.3308
2017-11-28,1.302,2.3299
2017-11-29,1.2918,2.3891
2017-11-30,1.2662,2.4128
2017-12-01,1.2738,2.3642
2017-12-04,1.2814,2.3754
2017-12-05,1.3071,2.3549
2017-12-06,1.2918,2.3407
2017-12-07,1.2841,2.3652
2017-12-08,1.2916,2.3773
2017-12-11,1.2916,2.3912
2017-12-12,1.3378,2.4047
2017-12-13,1.302,2.3444
2017-12-14,1.3198,2.3524
2017-12-15,1.3146,2.3547
2017-12-18,1.3477,2.3959
2017-12-19,1.3786,2.4667
2017-12-20,1.3836,2.4993
2017-12-21,1.3504,2.4858
2017-12-22,1.3477,2.4837
2017-12-26,1.34,2.4783
2017-12-27,1.4398,2.412
2017-12-28,1.3938,2.4337
2017-12-29,1.3936,2.4099
2018-01-02,1.3986,2.4651
2018-01-03,1.4041,2.4493
2018-01-04,1.4091,2.4548
2018-01-05,1.4038,2.479
2018-01-08,1.4191,2.4822
2018-01-09,1.4424,2.5553
2018-01-10,1.4245,2.5577
2018-01-11,1.4295,2.5376
2018-01-12,1.437,2.5503
2018-01-15,,2.5481
2018-01-16,1.4267,2.5398
2018-01-17,1.4449,2.5909
2018-01-18,1.4372,2.6284
2018-01-19,1.4396,2.6606
2018-01-22,1.4268,2.6528
2018-01-23,1.445,2.6154
2018-01-24,1.4347,2.6475
2018-01-25,1.427,2.6188
2018-01-26,1.4243,2.6623
2018-01-29,1.4114,2.6964
2018-01-30,1.4577,2.7217
2018-01-31,1.4653,2.7074
2018-02-01,1.4934,2.7915
2018-02-02,1.4855,2.843
2018-02-05,1.488,2.7079
2018-02-06,1.5267,2.8035
2018-02-07,1.5368,2.8382
2018-02-08,1.547,2.8262
2018-02-09,1.5749,2.8544
2018-02-12,1.5825,2.8612
2018-02-13,1.5957,2.8312
2018-02-14,1.5828,2.9049
2018-02-15,1.6083,2.9118
2018-02-16,1.5978,2.8763
2018-02-20,1.6131,2.8909
2018-02-21,1.6441,2.9519
2018-02-22,1.6441,2.9225
2018-02-23,1.6438,2.8692
2018-02-26,1.6438,2.8642
2018-02-27,1.6749,2.8966
2018-02-28,1.6697,2.8642
2018-03-01,1.6645,2.8083
2018-03-02,1.6592,2.8661
2018-03-05,1.6668,2.8844
2018-03-06,1.6774,2.8886
2018-03-07,1.685,2.8845
2018-03-08,1.6594,2.8594
2018-03-09,1.6694,2.8956
2018-03-12,1.6795,2.87
2018-03-13,1.726,2.8439
2018-03-14,1.7541,2.8189
2018-03-15,1.8096,2.8303
2018-03-16,1.7844,2.8468
2018-03-19,1.8258,2.8578
2018-03-20,1.7976,2.8982
2018-03-21,1.7489,2.8853
2018-03-22,1.7207,2.8254
2018-03-23,1.7307,2.8163
2018-03-26,1.7593,2.8547
2018-03-27,1.7942,2.7775
2018-03-28,1.7208,2.7848
2018-03-29,1.7231,2.7412
2018-03-30,,2.7389
2018-04-02,1.784,2.733
2018-04-03,1.7618,2.7794
2018-04-04,1.7004,2.8059
2018-04-05,1.7105,2.8338
2018-04-06,1.7154,2.7758
2018-04-09,1.7179,2.7835
2018-04-10,1.7311,2.8032
2018-04-11,1.7285,2.7831
2018-04-12,1.7514,2.8399
2018-04-13,1.7307,2.8289
2018-04-16,1.7485,2.8294
2018-04-17,1.7925,2.8317
2018-04-18,1.8231,2.8728
2018-04-19,1.8179,2.9122
2018-04-20,1.8074,2.962
2018-04-23,1.8278,2.9775
2018-04-24,1.8832,3.0005
2018-04-25,1.8589,3.0287
2018-04-26,1.8179,2.9819
2018-04-27,1.8125,2.9605
2018-04-30,1.8048,2.9545
2018-05-01,1.8488,2.9667
2018-05-02,1.8333,2.9696
2018-05-03,1.8256,2.9486
2018-05-04,1.833,2.9506
2018-05-07,1.8329,2.9516
2018-05-08,1.8795,2.9783
2018-05-09,1.8845,3.0061
2018-05-10,1.8946,2.9649
2018-05-11,1.9097,2.9727
2018-05-14,1.8994,3.0047
2018-05-15,1.9153,3.0751
2018-05-16,1.9101,3.0992
2018-05-17,1.91,3.1131
2018-05-18,1.9071,3.0587
2018-05-21,1.9096,3.0615
2018-05-22,1.9358,3.0601
2018-05-23,1.9254,2.9948
2018-05-24,1.91,2.9774
2018-05-25,1.9045,2.9313
2018-05-29,1.8737,2.7814
2018-05-30,1.9203,2.8563
2018-05-31,1.9049,2.8608
2018-06-01,1.9123,2.9049
2018-06-04,1.9147,2.9451
2018-06-05,1.946,2.9287
2018-06-06,1.9408,2.9731
2018-06-07,1.9253,2.9236
2018-06-08,1.9302,2.9493
2018-06-11,1.9096,2.9544
2018-06-12,1.9358,2.9631
2018-06-13,1.9306,2.9682
2018-06-14,1.9253,2.9383
2018-06-15,1.9302,2.9214
2018-06-18,1.9275,2.9196
2018-06-19,1.9409,2.899
2018-06-20,1.9306,2.9398
2018-06-21,1.9356,2.8981
2018-06-22,1.9148,2.8972
2018-06-25,1.8968,2.883
2018-06-26,1.93,2.8798
2018-06-27,1.9306,2.8256
2018-06-28,1.9228,2.8401
2018-06-29,1.9225,2.862
2018-07-02,1.9352,2.872
2018-07-03,1.9728,2.8323
2018-07-04,,2.8309
2018-07-05,1.9509,2.8323
2018-07-06,1.9481,2.8236
2018-07-09,1.9608,2.8601
2018-07-10,1.9819,2.8532
2018-07-11,1.9613,2.8514
2018-07-12,1.9689,2.8477
2018-07-13,1.9839,2.8299
2018-07-16,1.9863,2.861
2018-07-17,2.0177,2.8623
2018-07-18,2.0074,2.872
2018-07-19,1.9919,2.8399
2018-07-20,1.9762,2.8959
2018-07-23,1.9871,2.9578
2018-07-24,1.9998,2.9513
2018-07-25,1.9971,2.9759
2018-07-26,1.9919,2.9792
2018-07-27,1.9992,2.9561
2018-07-30,1.9915,2.9761
2018-07-31,2.0177,2.9626
2018-08-01,2.0304,3.0078
2018-08-02,2.0072,2.9878
2018-08-03,2.012,2.9497
2018-08-06,2.017,2.9423
2018-08-07,2.0561,2.9749
2018-08-08,2.0586,2.9623
2018-08-09,2.0508,2.9285
2018-08-10,2.0479,2.875
2018-08-13,2.0452,2.8813
2018-08-14,2.0766,2.9013
2018-08-15,2.0637,2.8637
2018-08-16,2.0585,2.8691
2018-08-17,2.0427,2.8628
2018-08-20,2.0401,2.8203
2018-08-21,2.0767,2.832
2018-08-22,2.0817,2.8212
2018-08-23,2.0842,2.8288
2018-08-24,2.0966,2.8143
2018-08-27,2.11,2.8473
2018-08-28,2.1253,2.8831
2018-08-29,2.1252,2.8863
2018-08-30,2.1045,2.8586
2018-08-31,2.1041,2.8617
2018-09-04,2.1142,2.9008
2018-09-05,2.1328,2.904
2018-09-06,2.1404,2.8767
2018-09-07,2.1503,2.942
2018-09-10,2.1297,2.9342
2018-09-11,2.1483,2.9792
2018-09-12,2.1457,2.9659
2018-09-13,2.1532,2.9728
2018-09-14,2.1528,2.9995
2018-09-17,2.1578,2.9903
2018-09-18,2.1714,3.0584
2018-09-19,2.1815,3.0663
2018-09-20,2.1711,3.0654
2018-09-21,2.1708,3.0646
2018-09-24,2.1706,3.0898
2018-09-25,2.2175,3.0987
2018-09-26,2.202,3.0499
2018-09-27,2.1865,3.0546
2018-09-28,2.1964,3.0635
2018-10-01,2.2125,3.0855
2018-10-02,2.2201,3.0664
2018-10-03,2.2225,3.1851
2018-10-04,2.2224,3.1894
2018-10-05,2.2244,3.2332
2018-10-08,2.2244,3.2322
2018-10-09,2.2371,3.2068
2018-10-10,2.2687,3.1662
2018-10-11,2.2736,3.1521
2018-10-12,2.2732,3.1622
2018-10-15,2.2885,3.1585
2018-10-16,2.3098,3.1652
2018-10-17,2.3097,3.2045
2018-10-18,2.3095,3.1809
2018-10-19,2.3142,3.1944
2018-10-22,2.3115,3.1997
2018-10-23,2.3355,3.1699
2018-10-24,2.3353,3.1054
2018-10-25,2.3352,3.12
2018-10-26,2.3296,3.0769
2018-10-29,2.3141,3.0873
2018-10-30,2.3509,3.1255
2018-10-31,2.3302,3.1454
2018-11-01,2.33,3.1327
2018-11-02,2.3245,3.2145
2018-11-05,2.3218,3.2027
2018-11-06,2.356,3.2299
2018-11-07,2.3507,3.2373
2018-11-08,2.3557,3.2392
2018-11-09,2.3551,3.1842
2018-11-12,2.3551,3.1838
2018-11-13,2.3447,3.1424
2018-11-14,2.3789,3.1268
2018-11-15,2.3916,3.1135
2018-11-16,2.3527,3.0656
2018-11-19,2.3551,3.0655
2018-11-20,2.4022,3.0655
2018-11-21,2.4044,3.065
2018-11-22,,3.0691
2018-11-23,2.4065,3.0449
2018-11-26,2.4012,3.0554
2018-11-27,2.3996,3.0599
2018-11-28,2.3917,3.0599
2018-11-29,2.3762,3.0334
2018-11-30,2.345,2.991
2018-12-03,2.3423,2.972
2018-12-04,2.4174,2.9163
2018-12-05,2.4123,2.9118
2018-12-06,2.407,2.8964
2018-12-07,2.3937,2.8495
2018-12-10,2.3833,2.8611
2018-12-11,2.4278,2.8803
2018-12-12,2.4302,2.9132
2018-12-13,2.4172,2.9145
2018-12-14,2.4193,2.8931
2018-12-17,2.391,2.8593
2018-12-18,2.397,2.8192
2018-12-19,2.402,2.7597
2018-12-20,2.389,2.8097
2018-12-21,2.386,2.7915
2018-12-24,2.3908,2.7481
2018-12-25,,2.7409
2018-12-26,2.4328,2.8097
2018-12-27,2.4121,2.7702
2018-12-28,2.3809,2.7213
2018-12-31,,2.68600011
2019-01-02,2.42510009,2.62220001
2019-01-03,2.40700006,2.5552001
2019-01-04,2.41420007,2.67120004
2019-01-07,2.40890002,2.69779992
2019-01-08,2.4612,2.72979999
2019-01-09,2.44050002,2.7118001
2019-01-10,2.43260002,2.74390006
2019-01-11,2.42190003,2.7025001
2019-01-14,2.4217,2.70420003
2019-01-15,2.45090008,2.71479988
2019-01-16,2.43280005,2.72720003
2019-01-17,2.40700006,2.75219989
2019-01-18,2.40120006,2.78600001
2019-01-22,2.40109992,2.74090004
2019-01-23,2.40459991,2.7427001
2019-01-24,2.36849999,2.71749997
2019-01-25,2.38089991,2.76029992
2019-01-28,2.39100003,2.74760008
2019-01-29,2.42269993,2.71160007
2019-01-30,2.4224999,2.67930007
2019-01-31,2.39669991,2.63100004
2019-02-01,2.39619994,2.68600011
2019-02-04,2.38579988,2.72530007
2019-02-05,2.42009997,2.70009995
2019-02-06,2.41739988,2.69639993
2019-02-07,2.40700006,2.65899992
2019-02-08,2.42190003,2.63569999
2019-02-11,2.43199992,2.65540004
2019-02-12,2.4381001,2.68950009
2019-02-13,2.43280005,2.7039001
2019-02-14,2.42750001,2.65540004
2019-02-15,2.42689991,2.6644001
2019-02-19,2.42670012,2.63569999
2019-02-20,2.44560003,2.64650011
2019-02-21,2.45059991,2.69499993
2019-02-22,2.45009995,2.65540004
2019-02-25,2.44989991,2.6644001
2019-02-26,2.45860004,2.63750005
2019-02-27,2.44819999,2.68429995
2019-02-28,2.44029999,2.71679997
2019-03-01,2.43729997,2.75670004
2019-03-04,2.43199992,2.72410011
2019-03-05,2.45860004,2.71869993
2019-03-06,2.45840001,2.69519997
2019-03-07,2.4532001,2.64109993
2019-03-08,2.44749999,2.63210011
2019-03-11,2.43709993,2.64109993
2019-03-12,2.45350003,2.60330009
2019-03-13,2.44560003,2.62310004
2019-03-14,2.4454999,2.63210011
2019-03-15,2.44239998,2.58890009
2019-03-18,2.44219995,2.60689998
2019-03-19,2.46370006,2.61400008
2019-03-20,2.46359992,2.52800012
2019-03-21,2.46600008,2.54049993
2019-03-22,2.4526999,2.44260001
2019-03-25,2.44740009,2.40190005
2019-03-26,2.4612,2.42479992
2019-03-27,2.43540001,2.37879992
2019-03-28,2.43009996,2.3980999
2019-03-29,2.39619994,2.40680003
2019-04-01,2.38579988,2.50270009
2019-04-02,2.43050003,2.47589993
2019-04-03,2.42779994,2.52589989
2019-04-04,2.42770004,2.51690006
2019-04-05,2.42720008,2.49710011
2019-04-08,2.42190003,2.52390003
2019-04-09,2.42269993,2.50239992
2019-04-10,2.41739988,2.46670008
2019-04-11,2.42490005,2.49880004
2019-04-12,2.43210006,2.56690001
2019-04-15,2.41149998,2.55609989
2019-04-16,2.43300009,2.59220004
2019-04-17,2.43280005,2.59579992
2019-04-18,2.42190003,2.55960011
2019-04-22,2.43449998,2.59030008
2019-04-23,2.44580007,2.56680012
2019-04-24,2.4224999,2.51990008
2019-04-25,2.4224,2.53430009
2019-04-26,2.41680002,2.5
2019-04-29,2.41659999,2.52880001
2019-04-30,2.42529988,2.50359988
2019-05-01,2.42000008,2.50169992
2019-05-02,2.42750001,2.54320002
2019-05-03,2.42700005,2.52679992
2019-05-06,2.41919994,2.47280002
2019-05-07,2.42779994,2.45840001
2019-05-08,2.4302001,2.48530006
2019-05-09,2.42490005,2.44580007
2019-05-10,2.42440009,2.4690001
2019-05-13,2.40630007,2.40330005
2019-05-14,2.4073,2.41210008
2019-05-15,2.40199995,2.375
2019-05-16,2.39420009,2.39619994
2019-05-17,2.38599992,2.39269996
2019-05-20,2.3756001,2.41750002
2019-05-21,2.38680005,2.42810011
2019-05-22,2.37120008,2.38380003
2019-05-23,2.36080003,2.3203001
2019-05-24,2.34229994,2.32369995
2019-05-28,2.34980011,2.26749992
2019-05-29,2.35579991,2.26399994
2019-05-30,2.37109995,2.21499991
2019-05-31,2.34750009,2.13319993
2019-06-03,2.33459997,2.07279992
2019-06-04,2.35730004,2.13140011
2019-06-05,2.34689999,2.13649988
2019-06-06,2.31329989,2.11910009
2019-06-07,2.27690005,2.08270001
2019-06-10,2.27929997,2.15179992
2019-06-11,2.26620007,2.14479995
2019-06-12,2.21740007,2.12220001
2019-06-13,2.18400002,2.09789991
2019-06-14,2.17589998,2.08209991
2019-06-17,2.19109988,2.09590006
2019-06-18,2.2262001,2.06130004
2019-06-19,2.16950011,2.0250001
2019-06-20,2.13599992,2.03010011
2019-06-21,2.11249995,2.05570006
2019-06-24,2.11240005,2.01600003
2019-06-25,2.13619995,1.98670006
2019-06-26,2.14639997,2.04850006
2019-06-27,2.14369988,2.0157001
2019-06-28,2.09969997,2.00679994
2019-07-01,2.11750007,2.02740002
2019-07-02,2.20300007,1.97570002
2019-07-03,2.2105,1.95319998
2019-07-05,2.22289991,2.03550005
2019-07-08,2.23819995,2.04929996
2019-07-09,2.25340009,2.06660008
2019-07-10,2.18149996,2.06299996
2019-07-11,2.1480999,2.13960004
2019-07-12,2.14260006,2.1236999
2019-07-15,2.13730001,2.09039998
2019-07-16,2.15680003,2.10430002
2019-07-17,2.12840009,2.0467999
2019-07-18,2.03839993,2.02589989
2019-07-19,2.07399988,2.05690002
2019-07-22,2.07649994,2.04819989
2019-07-23,2.10540009,2.08290005
2019-07-24,2.09759998,2.04629993
2019-07-25,2.10770011,2.08279991
2019-07-26,2.12280011,2.07209992
2019-07-29,2.10730004,2.06669998
2019-07-30,2.09509993,2.05970001
2019-07-31,2.08730006,2.01609993
2019-08-01,2.08459997,1.89520001
2019-08-02,2.0611999,1.84689999
2019-08-05,2.01489997,1.70920002
2019-08-06,2.04329991,1.704
2019-08-07,2.01760006,1.7342
2019-08-08,2.01239991,1.71889997
2019-08-09,1.99409997,1.7464
2019-08-12,1.98380005,1.64709997
2019-08-13,2.00530005,1.7069
2019-08-14,1.94869995,1.58089995
2019-08-15,1.89209998,1.53030002
2019-08-16,1.87129998,1.55550003
2019-08-19,1.90709996,1.60800004
2019-08-20,1.95140004,1.55719995
2019-08-21,1.97440004,1.59099996
2019-08-22,1.99220002,1.61650002
2019-08-23,1.96879995,1.53680003
2019-08-26,1.98660004,1.53670001
2019-08-27,1.99769998,1.47440004
2019-08-28,1.99240005,1.48280001
2019-08-29,1.99230003,1.49790001
2019-08-30,1.98930001,1.49940002
2019-09-03,1.96360004,1.45899999
2019-09-04,1.96130002,1.46899998
2019-09-05,1.96370006,1.56019998
2019-09-06,1.95829999,1.56359994
2019-09-09,1.95819998,1.64549994
2019-09-10,1.96159995,1.73329997
2019-09-11,1.96150005,1.74199998
2019-09-12,1.96140003,1.77320004
2019-09-13,1.96370006,1.89929998
2019-09-16,1.99430001,1.84850001
2019-09-17,1.98469996,1.80480003
2019-09-18,1.97179997,1.79789996
2019-09-19,1.93060005,1.78740001
2019-09-20,1.91489995,1.72500002
2019-09-23,1.90199995,1.72850001
2019-09-24,1.93079996,1.6473
2019-09-25,1.89479995,1.73889995
2019-09-26,1.83060002,1.69560003
2019-09-27,1.79949999,1.68350005
2019-09-30,1.8276,1.66799998
2019-10-01,1.82060003,1.63870001
2019-10-02,1.80270004,1.60090005
2019-10-03,1.7105,1.5359
2019-10-04,1.7026,1.53069997
2019-10-07,1.71790004,1.56140006
2019-10-08,1.74609995,1.53059995
2019-10-09,1.7076,1.58539999
2019-10-10,1.68959999,1.67159998
2019-10-11,1.68669999,1.73249996
2019-10-15,1.67379999,1.77450001
2019-10-16,1.67429996,1.74129999
2019-10-17,1.67420006,1.75349998
2019-10-18,1.6688,1.75709999
2019-10-21,1.6688,1.8046
2019-10-22,1.65900004,1.76419997
2019-10-23,1.65890002,1.76600003
2019-10-24,1.67159998,1.76779997
2019-10-25,1.67400002,1.79779994
2019-10-28,1.64569998,1.84370005
2019-10-29,1.63909996,1.84200001
2019-10-30,1.63900006,1.77330005
2019-10-31,1.54439998,1.69270003
2019-11-01,1.52129996,1.71200001
2019-11-04,1.54419994,1.77869999
2019-11-05,1.55649996,1.86020005
2019-11-06,1.55639994,1.83010006
2019-11-07,1.56149995,1.91900003
2019-11-08,1.55859995,1.94340003
2019-11-12,1.57140005,1.93640006
2019-11-13,1.57430005,1.88779998
2019-11-14,1.57169998,1.82210004
2019-11-15,1.56900001,1.83249998
2019-11-18,1.56120002,1.81700003
2019-11-19,1.56669998,1.78429997
2019-11-20,1.57179999,1.74829996
2019-11-21,1.57679999,1.77400005
2019-11-22,1.58940005,1.7723
2019-11-25,1.59189999,1.75680006
2019-11-26,1.60080004,1.74310005
2019-11-27,1.60829997,1.76890004
2019-11-28,,1.76709998
2019-11-29,1.58249998,1.77400005
2019-12-02,1.57739997,1.82239997
2019-12-03,1.57949996,1.71739995
2019-12-04,1.55639994,1.77579999
2019-12-05,1.54610002,1.81200004
2019-12-06,1.52289999,1.8398
2019-12-09,1.54579997,1.82079995
2019-12-10,1.56930006,1.84329998
2019-12-11,1.57179999,1.79480004
2019-12-12,1.5589,1.89390004
2019-12-13,1.56379998,1.82430005
2019-12-16,1.56630003,1.87310004
2019-12-17,1.57190001,1.88189995
2019-12-18,1.56149995,1.91859996
2019-12-19,1.57169998,1.92219996
2019-12-20,1.57659996,1.9188
2019-12-23,1.57140005,1.93120003
2019-12-24,1.57690001,1.90310001
2019-12-26,1.58200002,1.89619994
2019-12-27,1.56130004,1.87870002
2019-12-30,1.54330003,1.88049996
2019-12-31,1.55639994,1.91919994
2020-01-02,1.53330004,1.87890005
2020-01-03,1.52030003,1.78980005
2020-01-06,1.53820002,1.81079996
2020-01-07,1.54620004,1.82120001
2020-01-08,1.54359996,1.87549996
2020-01-09,1.5359,1.85800004
2020-01-10,1.53820002,1.82309997
2020-01-13,1.551,1.84759998
2020-01-14,1.56930006,1.81260002
2020-01-15,1.56920004,1.78470004
2020-01-16,1.55379999,1.80910003
2020-01-17,1.55859995,1.82319999
2020-01-21,1.54069996,1.77600002
2020-01-22,1.55130005,1.77079999
2020-01-23,1.55639994,1.7342
2020-01-24,1.53310001,1.68570006
2020-01-27,1.551,1.60969996
2020-01-28,1.57190001,1.65799999
2020-01-29,1.55900002,1.58560002
2020-01-30,1.57169998,1.58729994
2020-01-31,1.55359995,1.50510001
2020-02-03,1.56379998,1.52890003
2020-02-04,1.57439995,1.60080004
2020-02-05,1.57179999,1.65260005
2020-02-06,1.56659997,1.64390004
2020-02-07,1.56130004,1.58519995
2020-02-10,1.57140005,1.57140005
2020-02-11,1.577,1.601
2020-02-12,1.577,1.637
2020-02-13,1.59,1.622
2020-02-14,1.577,1.587
2020-02-17,1.5766,1.5883
2020-02-18,1.577,1.563
2020-02-19,1.595,1.568
2020-02-20,1.579,1.519
2020-02-21,1.559,1.476
2020-02-24,1.551,1.372
2020-02-25,1.536,1.354
2020-02-26,1.515,1.342
2020-02-27,1.439,1.262
2020-02-28,1.298,1.154
2020-03-02,1.211,1.167
2020-03-03,0.953,1.002
2020-03-04,0.731,1.057
2020-03-05,0.625,0.915
2020-03-06,0.518,0.765
2020-03-09,0.393,0.542
2020-03-10,0.469,0.811
2020-03-11,0.426,0.876
2020-03-12,0.569,0.806
2020-03-13,0.287,0.976
2020-03-16,0.216,0.724
2020-03-17,0.205,1.083
2020-03-18,0.063,1.201
2020-03-19,0.048,1.142
2020-03-20,0.048,0.853
2020-03-23,0.02,0.793
2020-03-24,0.028,0.851
2020-03-25,-0.038,0.872
2020-03-26,-0.02,0.856
2020-03-27,-0.035,0.684
2020-03-30,0.074,0.73
2020-03-31,0.139,0.673
2020-04-01,0.101,0.579
2020-04-02,0.089,0.589
2020-04-03,0.101,0.601
2020-04-06,0.117,0.676
2020-04-07,0.175,0.714
2020-04-08,0.198,0.777
2020-04-09,0.243,0.7381
2020-04-10,0.234,0.7222
2020-04-13,0.236,0.774
2020-04-14,0.195,0.754
2020-04-15,0.16,0.633
2020-04-16,0.152,0.63
2020-04-17,0.137,0.646
2020-04-20,0.109,0.612
2020-04-21,0.109,0.572
2020-04-22,0.106,0.621
2020-04-23,0.114,0.605
2020-04-24,0.122,0.606
2020-04-27,0.119,0.664
2020-04-28,0.106,0.616
2020-04-29,0.101,0.63
2020-04-30,0.106,0.639
2020-05-01,0.117,0.62
2020-05-04,0.106,0.637
2020-05-05,0.122,0.665
2020-05-06,0.119,0.706
2020-05-07,0.117,0.642
2020-05-08,0.117,0.685
2020-05-11,0.119,0.713
2020-05-12,0.134,0.667
2020-05-13,0.127,0.656
2020-05-14,0.124,0.625
2020-05-15,0.119,0.646
2020-05-18,0.117,0.729
2020-05-19,0.129,0.69
2020-05-20,0.122,0.683
2020-05-21,0.129,0.674
2020-05-22,0.124,0.657
2020-05-25,0.122,0.6558
2020-05-26,0.132,0.698
2020-05-27,0.147,0.685
2020-05-28,0.15,0.692
2020-05-29,0.147,0.656
2020-06-01,0.142,0.662
2020-06-02,0.152,0.687
2020-06-03,0.152,0.749
2020-06-04,0.152,0.827
2020-06-05,0.157,0.898
2020-06-08,0.17,0.879
2020-06-09,0.172,0.827
2020-06-10,0.172,0.73
2020-06-11,0.18,0.674
2020-06-12,0.175,0.708
2020-06-15,0.17,0.722
2020-06-16,0.172,0.753
2020-06-17,0.178,0.74
2020-06-18,0.157,0.71
2020-06-19,0.155,0.699
2020-06-22,0.152,0.71
2020-06-23,0.152,0.715
2020-06-24,0.157,0.677
2020-06-25,0.145,0.686
2020-06-26,0.145,0.643
2020-06-29,0.137,0.627
2020-06-30,0.147,0.658
2020-07-01,0.142,0.677
2020-07-02,0.147,0.6627
2020-07-03,0.142,0.6594
2020-07-06,0.145,0.679
2020-07-07,0.15,0.643
2020-07-08,0.147,0.668
2020-07-09,0.134,0.615
2020-07-10,0.134,0.645
2020-07-13,0.134,0.62
2020-07-14,0.145,0.625
2020-07-15,0.142,0.633
2020-07-16,0.114,0.62
2020-07-17,0.119,0.628
2020-07-20,0.117,0.612
2020-07-21,0.124,0.605
2020-07-22,0.122,0.602
2020-07-23,0.122,0.577
2020-07-24,0.112,0.59
2020-07-27,0.104,0.618
2020-07-28,0.109,0.581
2020-07-29,0.101,0.576
2020-07-30,0.096,0.546
2020-07-31,0.096,0.533
2020-08-03,0.089,0.559
2020-08-04,0.099,0.51
2020-08-05,0.101,0.551
2020-08-06,0.099,0.538
2020-08-07,0.096,0.566
2020-08-10,0.101,0.579
2020-08-11,0.114,0.642
2020-08-12,0.112,0.676
2020-08-13,0.101,0.722
2020-08-14,0.099,0.709
2020-08-17,0.099,0.69
2020-08-18,0.106,0.67
2020-08-19,0.101,0.683
2020-08-20,0.096,0.651
2020-08-21,0.096,0.631
2020-08-24,0.094,0.656
2020-08-25,0.101,0.687
2020-08-26,0.101,0.69
2020-08-27,0.106,0.754
2020-08-28,0.101,0.724
2020-08-31,0.106,0.706
2020-09-01,0.106,0.671
2020-09-02,0.106,0.651
2020-09-03,0.109,0.638
2020-09-04,0.114,0.721
2020-09-07,0.1119,0.7246
2020-09-08,0.117,0.68
2020-09-09,0.114,0.702
2020-09-10,0.114,0.677
2020-09-11,0.112,0.669
2020-09-14,0.109,0.674
2020-09-15,0.109,0.682
2020-09-16,0.112,0.7
2020-09-17,0.096,0.69
2020-09-18,0.091,0.695
2020-09-21,0.089,0.669
2020-09-22,0.099,0.676
2020-09-23,0.096,0.676
2020-09-24,0.104,0.669
2020-09-25,0.099,0.658
2020-09-28,0.096,0.654
2020-09-29,0.095999,0.651
2020-09-30,0.101001,0.684
2020-10-01,0.093998,0.681
2020-10-02,0.093999,0.705
2020-10-05,0.094002,0.783
2020-10-06,0.098999,0.739
2020-10-07,0.096002,0.79
2020-10-08,0.096001,0.787
2020-10-09,0.104,0.779
2020-10-13,0.098998,0.729
2020-10-14,0.105998,0.727
2020-10-15,0.103999,0.737
2020-10-16,0.099001,0.746
2020-10-19,0.096,0.771
2020-10-20,0.101,0.786
2020-10-21,0.096002,0.824
2020-10-22,0.090999,0.861
2020-10-23,0.093998,0.843
2020-10-26,0.088998,0.804
2020-10-27,0.095999,0.771
2020-10-28,0.095999,0.774
2020-10-29,0.093998,0.825
2020-10-30,0.093999,0.875
2020-11-02,0.091,0.848
2020-11-03,0.095998,0.899
2020-11-04,0.096002,0.766
2020-11-05,0.099,0.766
2020-11-06,0.093998,0.822
2020-11-09,0.096,0.925
2020-11-10,0.096002,0.96
2020-11-11,0.096002,0.961
2020-11-12,0.090999,0.883
2020-11-13,0.093998,0.9
2020-11-16,0.086,0.911
2020-11-17,0.086,0.859
2020-11-18,0.080998,0.872
2020-11-19,0.065999,0.834
2020-11-20,0.070998,0.823
2020-11-23,0.076002,0.855
2020-11-24,0.086001,0.882
2020-11-25,0.091,0.883
2020-11-26,0.091521,0.855328
2020-11-27,0.083999,0.842
2020-11-30,0.078998,0.842
2020-12-01,0.086,0.929
2020-12-02,0.080998,0.939
2020-12-03,0.084,0.91
2020-12-04,0.084,0.968
2020-12-07,0.080999,0.924
2020-12-08,0.078999,0.921
2020-12-09,0.075999,0.936
2020-12-10,0.079001,0.911
2020-12-11,0.076001,0.898
2020-12-14,0.071,0.896
2020-12-15,0.075998,0.911
2020-12-16,0.080998,0.918
2020-12-17,0.088998,0.935
2020-12-18,0.085998,0.948
2020-12-21,0.088998,0.935
2020-12-22,0.086,0.921
2020-12-23,0.091002,0.943
2020-12-24,0.091001,0.926
2020-12-25,0.091001,0.926
2020-12-28,0.094,0.926
2020-12-29,0.095998,0.938
2020-12-30,0.085998,0.926
2020-12-31,0.079002,0.918
2021-01-01,0.079002,0.918
2021-01-04,0.074002,0.915
2021-01-05,0.084,0.958
2021-01-06,0.089,1.039
2021-01-07,0.086,1.081
2021-01-08,0.085998,1.117
2021-01-11,0.084001,1.148
2021-01-12,0.086,1.131
2021-01-13,0.085998,1.087
2021-01-14,0.081002,1.133
2021-01-15,0.084001,1.083
2021-01-18,0.081126,1.091979
2021-01-19,0.080998,1.09
2021-01-20,0.080998,1.082
2021-01-21,0.079001,1.107
2021-01-22,0.079002,1.087
2021-01-25,0.076002,1.035
2021-01-26,0.078999,1.036
2021-01-27,0.075999,1.018
2021-01-28,0.063001,1.047
2021-01-29,0.058001,1.065
2021-02-01,0.056001,1.084
2021-02-02,0.058,1.098
2021-02-03,0.045999,1.139
2021-02-04,0.034998,1.143
2021-02-05,0.032999,1.165
2021-02-08,0.038002,1.17
2021-02-09,0.040999,1.162
2021-02-10,0.041001,1.126
2021-02-11,0.041002,1.165
2021-02-12,0.040999,1.212
2021-02-15,0.040561,1.246706
2021-02-16,0.043001,1.317
2021-02-17,0.041001,1.272
2021-02-18,0.034998,1.296
2021-02-19,0.032999,1.34
2021-02-22,0.03,1.367
2021-02-23,0.033,1.343
2021-02-24,0.034999,1.377
2021-02-25,0.045999,1.525
2021-02-26,0.041001,1.408
2021-03-01,0.038002,1.42
2021-03-02,0.040999,1.395
2021-03-03,0.041001,1.482
2021-03-04,0.041002,1.568
2021-03-05,0.041001,1.57
2021-03-08,0.042998,1.594
2021-03-09,0.040999,1.528
2021-03-10,0.041001,1.52
2021-03-11,0.038,1.54
2021-03-12,0.032999,1.625
2021-03-15,0.0203,1.6073
2021-03-16,0.0203,1.6197
2021-03-17,0.0203,1.6444
2021-03-18,0.0203,1.7082
2021-03-19,0.0203,1.7246
2021-03-22,0.0132,1.6946
2021-03-23,0.0076,1.6241
2021-03-24,0.0203,1.6119
2021-03-25,0.0152,1.6367
2021-03-26,0.0177,1.6778
2021-03-29,0.0132,1.7098
2021-03-30,0.0253,1.71
2021-03-31,0.0203,1.7422
2021-04-01,0.0203,1.6717
2021-04-02,,1.6717
2021-04-05,0.0282,1.702
2021-04-06,0.0253,1.6578
2021-04-07,0.0152,1.6739
2021-04-08,0.0152,1.6227
2021-04-09,0.0152,1.662
2021-04-12,0.0203,1.6657
2021-04-13,0.0203,1.6163
2021-04-14,0.0203,1.6323
2021-04-15,0.0203,1.5759
2021-04-16,0.0253,1.5816
2021-04-19,0.0203,1.6047
2021-04-20,0.0203,1.5607
2021-04-21,0.0253,1.5573
2021-04-22,0.0203,1.5398
2021-04-23,0.0203,1.5613
2021-04-26,0.0233,1.5684
2021-04-27,0.0203,1.6216
2021-04-28,0.0152,1.6111
2021-04-29,0.0152,1.6379
2021-04-30,0.0152,1.6259
2021-05-03,0.0177,1.6011
2021-05-04,0.0203,1.5924
2021-05-05,0.0152,1.5695
2021-05-06,0.0152,1.5696
2021-05-07,0.0203,1.5771
2021-05-10,0.0203,1.602
2021-05-11,0.0127,1.6217
2021-05-12,0.0203,1.6952
2021-05-13,0.0152,1.6591
2021-05-14,0.0127,1.6284
2021-05-17,0.0152,1.6505
2021-05-18,0.0152,1.6386
2021-05-19,0.0101,1.6727
2021-05-20,0.0152,1.6267
2021-05-21,0.0051,1.6199
2021-05-24,0.01,1.605
2021-05-25,0.015001,1.56
2021-05-26,0.015001,1.56
2021-05-27,0.017999,1.611
2021-05-28,,1.602811
2021-05-31,0.015207,1.602811
2021-06-01,0.015,1.608
2021-06-02,0.02,1.589
2021-06-03,0.019999,1.628
2021-06-04,0.023,1.557
2021-06-07,0.025,1.572
2021-06-08,0.025,1.536
2021-06-09,0.024998,1.492
2021-06-10,0.028001,1.435
2021-06-11,0.028002,1.454
2021-06-14,0.023,1.496
2021-06-15,0.028,1.494
2021-06-16,0.038,1.579
2021-06-17,0.041002,1.507
2021-06-18,0.042999,1.44
2021-06-21,0.042998,1.492
2021-06-22,0.042999,1.465
2021-06-23,0.042998,1.489
2021-06-24,0.057999,1.495
2021-06-25,0.051001,1.526
2021-06-28,0.047999,1.48
2021-06-29,0.050999,1.471
2021-06-30,0.050998,1.471
2021-07-01,0.051001,1.459
2021-07-02,0.047999,1.431
2021-07-05,0.050699,1.437329
2021-07-06,0.050999,1.35
2021-07-07,0.050998,1.32
2021-07-08,0.053001,1.294
2021-07-09,0.051001,1.363
2021-07-12,0.053,1.366
2021-07-13,0.050999,1.42
2021-07-14,0.053,1.349
2021-07-15,0.047999,1.301
2021-07-16,0.048001,1.294
2021-07-19,0.045999,1.192
2021-07-20,0.050999,1.223
2021-07-21,0.050998,1.29
2021-07-22,0.051001,1.282
2021-07-23,0.051001,1.278
2021-07-26,0.047999,1.295
2021-07-27,0.053,1.244
2021-07-28,0.050998,1.236
2021-07-29,0.045999,1.271
2021-07-30,0.045999,1.226
2021-08-02,0.045999,1.177
2021-08-03,0.053,1.176
2021-08-04,0.050998,1.185
2021-08-05,0.051001,1.227
2021-08-06,0.051001,1.3
2021-08-09,0.051,1.327
2021-08-10,0.055998,1.352
2021-08-11,0.056,1.334
2021-08-12,0.053,1.361
2021-08-13,0.058002,1.282
2021-08-16,0.068002,1.27
2021-08-17,0.071001,1.267
2021-08-18,0.062998,1.262
2021-08-19,0.051001,1.243
2021-08-20,0.051001,1.258
2021-08-23,0.051,1.255
2021-08-24,0.058,1.297
2021-08-25,0.058,1.344
2021-08-26,0.053,1.353
2021-08-27,0.052998,1.31
2021-08-30,0.048001,1.282
2021-08-31,0.045999,1.312
2021-09-01,0.042998,1.299
2021-09-02,0.045999,1.285
2021-09-03,0.047999,1.326
2021-09-06,0.04563,
2021-09-07,0.043001,1.377
2021-09-08,0.045999,1.341
2021-09-09,0.045999,1.302
2021-09-10,0.045999,1.344
2021-09-13,0.045999,1.328
2021-09-14,0.042999,1.284
2021-09-15,0.042998,1.304
2021-09-16,0.038,1.339
2021-09-17,0.041001,1.365
2021-09-20,0.03,1.312
2021-09-21,0.028,1.324
2021-09-22,0.033001,1.304
2021-09-23,0.038,1.432
2021-09-24,0.035001,1.454
2021-09-27,0.03,1.491
2021-09-28,0.040999,1.541
2021-09-29,0.038,1.52
2021-09-30,0.041002,1.489
2021-10-01,0.041001,1.465
2021-10-04,0.035,1.482
2021-10-05,0.040999,1.529
2021-10-06,0.042998,1.524
2021-10-07,0.053001,1.575
2021-10-08,0.051,1.615
2021-10-11,0.050699,1.632881
2021-10-12,0.050999,1.579
2021-10-13,0.050998,1.539
2021-10-14,0.051001,1.514
2021-10-15,0.051001,1.574
2021-10-18,0.051,1.602
2021-10-19,0.058,1.641
2021-10-20,0.056001,1.659
2021-10-21,0.057999,1.704
2021-10-22,0.061002,1.636
2021-10-25,0.061002,1.633
2021-10-26,0.058,1.61
2021-10-27,0.058,1.543
2021-10-28,0.056001,1.582
2021-10-29,0.061002,1.557
2021-11-01,,1.561
2021-11-02,0.053,1.551
2021-11-03,0.050998,1.607
2021-11-04,0.045999,1.531
2021-11-05,0.051001,1.455
2021-11-08,0.045999,1.493
2021-11-09,0.047999,1.439
2021-11-10,0.047999,1.553
2021-11-11,0.050701,1.595568
2021-11-12,0.052999,1.566
2021-11-15,0.047999,1.616
2021-11-16,0.045999,1.637
2021-11-17,0.053,1.591
2021-11-18,0.053001,1.589
2021-11-19,0.052999,1.551
2021-11-22,0.053,1.629
2021-11-23,0.053,1.669
2021-11-24,0.061001,1.638
2021-11-25,0.065913,1.635835
2021-11-26,0.052999,1.482
2021-11-29,0.047999,1.5
2021-11-30,0.056,1.449
2021-12-01,0.053,1.407
2021-12-02,0.047999,1.448
2021-12-03,0.052999,1.346
2021-12-06,0.051,1.436
2021-12-07,0.066001,1.477
2021-12-08,0.062998,1.525
2021-12-09,0.061001,1.502
2021-12-10,0.058001,1.487
2021-12-13,0.056001,1.419
2021-12-14,0.056,1.446
2021-12-15,0.050998,1.462
2021-12-16,0.045999,1.412
2021-12-17,0.045999,1.405
2021-12-20,0.047999,1.426
2021-12-21,0.071001,1.465
2021-12-22,0.070999,1.455
2021-12-23,0.068002,1.494
2021-12-24,0.070986,1.492678
2021-12-27,0.058,1.479
2021-12-28,0.061,1.484
2021-12-29,0.050998,1.555
2021-12-30,0.051001,1.512
2021-12-31,0.052999,1.514
2022-01-03,0.067999,1.631
2022-01-04,0.089001,1.651
2022-01-05,0.091002,1.709
2022-01-06,0.099,1.725
2022-01-07,0.096,1.764
2022-01-10,0.099002,1.762
2022-01-11,0.127001,1.739
2022-01-12,0.121999,1.736
2022-01-13,0.119001,1.706
2022-01-14,0.126999,1.788
2022-01-17,0.126773,
2022-01-18,0.137,1.875
2022-01-19,0.183001,1.866
2022-01-20,0.177999,1.808
2022-01-21,0.171998,1.762
2022-01-24,0.170001,1.774
2022-01-25,0.195002,1.771
2022-01-26,0.198,1.867
2022-01-27,0.207998,1.803
2022-01-28,0.189999,1.773
2022-01-31,0.19,1.78
2022-02-01,0.210002,1.791
2022-02-02,0.199999,1.779
2022-02-03,0.204998,1.832
2022-02-04,0.235998,1.912
2022-02-07,0.220999,1.918
2022-02-08,0.283999,1.965
2022-02-09,0.283998,1.94
2022-02-10,0.430999,2.035
2022-02-11,0.37,1.915
2022-02-14,0.385999,1.989
2022-02-15,0.419002,2.04690003
2022-02-16,0.390999,2.042
2022-02-17,0.373,1.975
2022-02-18,0.363001,1.934
2022-02-21,0.360238,1.904331
2022-02-22,0.363001,1.941
2022-02-23,0.375001,1.977
2022-02-24,0.326999,1.967
2022-02-25,0.341998,1.969
2022-02-28,0.326999,1.827
2022-03-01,0.335,1.719
2022-03-02,0.335001,1.88
2022-03-03,0.365,1.844
2022-03-04,0.339998,1.736
2022-03-07,0.339998,1.777
2022-03-08,0.369998,1.851
2022-03-09,0.383002,1.927
2022-03-10,0.402999,1.992
2022-03-11,0.406,1.997
2022-03-14,0.415998,2.138
2022-03-15,0.475001,2.149
2022-03-16,0.467001,2.18840003
2022-03-17,0.401,2.174
2022-03-18,0.413999,2.155
2022-03-21,0.471998,2.295
2022-03-22,0.541,2.384
2022-03-23,0.482001,2.295
2022-03-24,0.523001,2.375
2022-03-25,0.536,2.479
2022-03-28,0.545999,2.462
2022-03-29,0.570998,2.4
2022-03-30,0.530002,2.352
2022-03-31,0.514999,2.342
2022-04-01,0.525002,2.386
2022-04-04,0.555999,2.397
2022-04-05,0.683002,2.551
2022-04-06,0.683001,2.601
2022-04-07,0.686,2.66
2022-04-08,0.697999,2.706
2022-04-11,0.719001,2.784
2022-04-12,0.754001,2.727
2022-04-13,0.757,2.704
2022-04-14,0.784999,2.827
2022-04-15,0.784999,
2022-04-18,0.776998,2.857
2022-04-19,0.858999,2.94
2022-04-20,0.819999,2.836
2022-04-21,0.815001,2.913
2022-04-22,0.835998,2.903
2022-04-25,0.837998,2.824
2022-04-26,0.843001,2.726
2022-04-27,0.833,2.834
2022-04-28,0.823002,2.828
2022-04-29,0.841002,2.939
2022-05-02,0.804999,2.985
2022-05-03,0.932002,2.975
2022-05-04,0.880999,2.936
2022-05-05,0.832999,3.04
2022-05-06,0.852999,3.136
2022-05-09,0.836,3.04
2022-05-10,0.906999,2.993
2022-05-11,0.909,2.927
2022-05-12,0.963002,2.852
2022-05-13,0.988002,2.922
2022-05-16,1.019,2.886
2022-05-17,1.075001,2.995
2022-05-18,1.043999,2.889
2022-05-19,1.050002,2.837
2022-05-20,1.032,2.785
2022-05-23,1.042,2.855
2022-05-24,1.067,2.754
2022-05-25,1.088,2.749
2022-05-26,1.072,2.749
2022-05-27,1.082999,2.743
2022-05-30,1.087641,2.806141
2022-05-31,1.070001,2.848
2022-06-01,1.143999,2.911
2022-06-02,1.140999,2.913
2022-06-03,1.192002,2.941
2022-06-06,1.212999,3.044
2022-06-07,1.254001,2.981
2022-06-08,1.261,3.027
2022-06-09,1.275999,3.047
2022-06-10,1.372998,3.159
2022-06-13,1.654001,3.366
2022-06-14,1.803001,3.475
2022-06-15,1.654001,3.291
2022-06-16,1.582999,3.199
2022-06-17,1.630999,3.231
2022-06-20,1.59269,3.265364
2022-06-21,1.565002,3.281
2022-06-22,1.582999,3.162
2022-06-23,1.633999,3.091
2022-06-24,1.690001,3.134
2022-06-27,1.681998,3.204
2022-06-28,1.785002,3.175
2022-06-29,1.771999,3.093
2022-06-30,1.711,3.017
2022-07-01,1.702999,2.889
2022-07-04,1.710195,2.920631
2022-07-05,1.725,2.809
2022-07-06,1.882001,2.934
2022-07-07,1.950999,3
2022-07-08,1.956,3.084
2022-07-11,2.062998,2.998
2022-07-12,2.191999,2.971
2022-07-13,2.370999,2.937
2022-07-14,2.393999,2.965
2022-07-15,2.394,2.921
2022-07-18,2.358,2.989
2022-07-19,2.505001,3.03
2022-07-20,2.484,3.027
2022-07-21,2.448001,2.878
2022-07-22,2.431999,2.752
2022-07-25,2.514001,2.8
2022-07-26,2.530001,2.809
2022-07-27,2.42,2.781
2022-07-28,2.386001,2.68
2022-07-29,2.376,2.654
2022-08-01,2.363,2.577
2022-08-02,2.523001,2.75
2022-08-03,2.501999,2.706
2022-08-04,2.448001,2.69
2022-08-05,2.541999,2.832
2022-08-08,2.537,2.761
2022-08-09,2.638002,2.783
2022-08-10,2.612001,2.785
2022-08-11,2.569001,2.889
2022-08-12,2.586,2.837
2022-08-15,2.601002,2.79
2022-08-16,2.672001,2.806
2022-08-17,2.654001,2.9
2022-08-18,2.674002,2.886
2022-08-19,2.686001,2.976
2022-08-22,2.745,3.018
2022-08-23,2.764,3.05
2022-08-24,2.79,3.109
2022-08-25,2.821001,3.03
2022-08-26,2.847998,3.043
2022-08-29,2.885999,3.108
2022-08-30,2.940998,3.106
2022-08-31,2.952,3.196
2022-09-01,2.950998,3.257
2022-09-02,2.915001,3.193
2022-09-05,2.90939,3.230956
2022-09-06,2.952999,3.351
2022-09-07,3.037,3.267
2022-09-08,3.044001,3.319
2022-09-09,3.056,3.314
2022-09-12,3.082001,3.36
2022-09-13,3.25,3.41
2022-09-14,3.225001,3.406
2022-09-15,3.201001,3.453
2022-09-16,3.169,3.451
2022-09-19,3.187,3.492
2022-09-20,3.325001,3.565
2022-09-21,3.310002,3.532
2022-09-22,3.25,3.718
2022-09-23,3.2,3.691
2022-09-26,3.281999,3.926
2022-09-27,3.342998,3.947
2022-09-28,3.351001,3.737
2022-09-29,3.330001,3.79
2022-09-30,3.293,3.833
2022-10-03,3.246,3.643
2022-10-04,3.389001,3.627
2022-10-05,3.397001,3.755
2022-10-06,3.383999,3.828
2022-10-07,3.375001,3.885
2022-10-10,3.377571,3.961053
2022-10-11,3.447002,3.951
2022-10-12,3.623998,3.896
2022-10-13,3.713998,3.946
2022-10-14,3.731,4.022
2022-10-17,3.786999,4.015
2022-10-18,3.930999,4.011
2022-10-19,4.001002,4.138
2022-10-20,4.000999,4.232
2022-10-21,4.045998,4.221
2022-10-24,4.015001,4.244
2022-10-25,4.060999,4.106
2022-10-26,4.029999,4.007
2022-10-27,4.052999,3.923
2022-10-28,4.086999,4.016
2022-10-31,4.087001,4.052
2022-11-01,4.151001,4.046
2022-11-02,4.146,4.105
2022-11-03,4.139998,4.149
2022-11-04,4.115998,4.163
2022-11-07,4.083998,4.216
2022-11-08,4.200002,4.13
2022-11-09,4.199999,4.097
2022-11-10,4.18,3.818
2022-11-11,4.198544,3.849887
2022-11-14,4.176998,3.857
2022-11-15,4.241999,3.773
2022-11-16,4.225998,3.692
2022-11-17,4.227999,3.771
2022-11-18,4.247998,3.831
2022-11-21,4.207999,3.833
2022-11-22,4.303999,3.758
2022-11-23,4.314,3.698
2022-11-24,4.32941,3.663168
2022-11-25,4.292001,3.691
2022-11-28,4.306999,3.683
2022-11-29,4.378999,3.748
2022-11-30,4.353001,3.611
2022-12-01,4.314,3.51
2022-12-02,4.312001,3.488
2022-12-05,4.291002,3.575
2022-12-06,4.358001,3.535
2022-12-07,4.299002,3.419
2022-12-08,4.270001,3.486
2022-12-09,4.301999,3.584
2022-12-12,4.291002,3.613
2022-12-13,4.363998,3.505
2022-12-14,4.333001,3.483
2022-12-15,4.324,3.45
2022-12-16,4.310002,3.49
2022-12-19,4.278002,3.59
2022-12-20,4.351002,3.688
2022-12-21,4.325001,3.664
2022-12-22,4.326999,3.682
2022-12-23,4.334999,3.751
2022-12-27,4.323999,3.845
2022-12-28,4.448998,3.886
2022-12-29,4.405002,3.818
2022-12-30,4.374002,3.88
2023-01-02,4.40497,3.831224
2023-01-03,4.368002,3.743
2023-01-04,4.510999,3.686
2023-01-05,4.635002,3.72
2023-01-06,4.618002,3.56
2023-01-09,4.619999,3.538
2023-01-10,4.677,3.623
2023-01-11,4.677001,3.545
2023-01-12,4.601001,3.445
2023-01-13,4.616998,3.507
2023-01-16,4.622441,3.538486
2023-01-17,4.616998,3.553
2023-01-18,4.656001,3.372
2023-01-19,4.658,3.393
2023-01-20,4.659001,3.484
2023-01-23,4.669001,3.517
2023-01-24,4.697999,3.455
2023-01-25,4.674998,3.447
2023-01-26,4.677,3.502
2023-01-27,4.675,3.505
2023-01-30,4.661002,3.542
2023-01-31,4.695001,3.512
2023-02-01,4.651002,3.42
2023-02-02,4.635002,3.395
2023-02-03,4.659001,3.526
2023-02-06,4.663999,3.644
2023-02-07,4.707999,3.677
2023-02-08,4.710998,3.613
2023-02-09,4.757,3.664
2023-02-10,4.765998,3.742
2023-02-13,4.775002,3.705
2023-02-14,4.781001,3.747
2023-02-15,4.775999,3.809
2023-02-16,4.811999,3.865
2023-02-17,4.812001,3.822
2023-02-20,4.814202,3.841787
2023-02-21,4.821,3.956
2023-02-22,4.830002,3.919
2023-02-23,4.827002,3.883
2023-02-24,4.827999,3.947
2023-02-27,4.801002,3.916
2023-02-28,4.867,3.924
2023-03-01,4.866999,3.996
2023-03-02,4.865999,4.062
2023-03-03,4.870001,3.956
2023-03-06,4.873999,3.964
2023-03-07,5.007999,3.97
2023-03-08,5.018001,3.995
2023-03-09,5.01,3.909
2023-03-10,4.948,3.703
2023-03-13,4.820002,3.573
2023-03-14,4.849,3.693
2023-03-15,4.728999,3.459
2023-03-16,4.760001,3.583
2023-03-17,4.467001,3.436
2023-03-20,4.645,3.488
2023-03-21,4.753,3.611
2023-03-22,4.724002,3.438
2023-03-23,4.676,3.432
2023-03-24,4.668999,3.38
2023-03-27,4.718001,3.534
2023-03-28,4.773,3.571
2023-03-29,4.767999,3.568
2023-03-30,4.860998,3.553
2023-03-31,4.773002,3.471
2023-04-03,4.773001,3.417
2023-04-04,4.880002,3.342
2023-04-05,4.848999,3.314
2023-04-06,4.877,3.307
2023-04-07,4.938998,3.413
2023-04-10,5.025001,3.421
2023-04-11,5.039001,3.43
2023-04-12,5.009999,3.396
2023-04-13,5.023002,3.449
2023-04-14,5.088002,3.517
2023-04-17,5.101001,3.602
2023-04-18,5.182001,3.579
2023-04-19,5.142998,3.595
2023-04-20,5.100999,3.534
2023-04-21,5.114,3.576
2023-04-24,5.035,3.494
2023-04-25,5.122001,3.403
2023-04-26,5.148001,3.45
2023-04-27,5.189002,3.524
2023-04-28,5.099,3.428
2023-05-01,5.053999,3.574
2023-05-02,5.245001,3.43
2023-05-03,5.263,3.341
2023-05-04,5.264998,3.382
2023-05-05,5.270998,3.441
2023-05-08,5.244002,3.511
2023-05-09,5.273998,3.522
2023-05-10,5.229001,3.443
2023-05-11,5.184001,3.388
2023-05-12,5.215998,3.47
2023-05-15,5.168,3.508
2023-05-16,5.219,3.54
2023-05-17,5.249999,3.57
2023-05-18,5.27,3.65
2023-05-19,5.272998,3.678
2023-05-22,5.285002,3.719
2023-05-23,5.347002,3.696
2023-05-24,5.377998,3.746
2023-05-25,5.338,3.823
2023-05-26,5.316998,3.81
2023-05-29,5.317747,3.773159
2023-05-30,5.302998,3.69
2023-05-31,5.404001,3.646
2023-06-01,5.390002,3.599
2023-06-02,5.383002,3.696
2023-06-05,5.314,3.685
2023-06-06,5.328001,3.662
2023-06-07,5.315,3.799
2023-06-08,5.262002,3.722
2023-06-09,5.268,3.743
2023-06-12,5.253998,3.739
2023-06-13,5.261,3.819
2023-06-14,5.252998,3.792
2023-06-15,5.223,3.72
2023-06-16,5.231002,3.769
2023-06-19,5.233322,3.821667
2023-06-20,5.235,3.725
2023-06-21,5.297,3.725
2023-06-22,5.303999,3.799
2023-06-23,5.301999,3.737
2023-06-26,5.319,3.725
2023-06-27,5.341,3.768
2023-06-28,5.339001,3.71
2023-06-29,5.342999,3.842
2023-06-30,5.306998,3.843
2023-07-03,5.316,3.858
2023-07-04,5.379678,3.860415
2023-07-05,5.360002,3.936
2023-07-06,5.385002,4.035
2023-07-07,5.385001,4.07
2023-07-10,5.390002,3.998
2023-07-11,5.408999,3.974
2023-07-12,5.396,3.859
2023-07-13,5.395,3.769
2023-07-14,5.401002,3.834
2023-07-17,5.407999,3.811
2023-07-18,5.411999,3.789
2023-07-19,5.42,3.752
2023-07-20,5.419001,3.854
2023-07-21,5.418998,3.841
2023-07-24,5.428998,3.878
2023-07-25,5.433001,3.888
2023-07-26,5.435001,3.871
2023-07-27,5.432,4.004
2023-07-28,5.431999,3.953
2023-07-31,5.421002,3.965
2023-08-01,5.433,4.027
2023-08-02,5.425,4.084
2023-08-03,5.427,4.181
2023-08-04,5.424001,4.04
2023-08-07,5.436999,4.095
2023-08-08,5.459,4.026
2023-08-09,5.447999,4.016
2023-08-10,5.440002,4.109
2023-08-11,5.431999,4.158
2023-08-14,5.441998,4.197
2023-08-15,5.451,4.217
2023-08-16,5.450998,4.252
2023-08-17,5.447999,4.28
2023-08-18,5.443001,4.257
2023-08-21,5.441998,4.342
2023-08-22,5.462001,4.328
2023-08-23,5.467998,4.198
2023-08-24,5.475001,4.241
2023-08-25,5.488002,4.239
2023-08-28,5.496998,4.208
2023-08-29,5.490001,4.122
2023-08-30,5.481999,4.118
2023-08-31,5.471002,4.11
2023-09-01,5.446999,4.181
2023-09-04,5.447722,4.21099997
2023-09-05,5.43389988,4.26370001
2023-09-06,5.469001,4.284
2023-09-07,5.458002,4.248
2023-09-08,5.469001,4.268
2023-09-11,5.460001,4.294
2023-09-12,5.477001,4.284
2023-09-13,5.472001,4.254
2023-09-14,5.468999,4.292
2023-09-15,5.466,4.334
2023-09-18,5.465,4.307
2023-09-19,5.477001,4.361
2023-09-20,5.482001,4.411
2023-09-21,5.488998,4.496
2023-09-22,5.486999,4.436
2023-09-25,5.481001,4.537
2023-09-26,5.506,4.536
2023-09-27,5.501,4.61
2023-09-28,5.483999,4.577
2023-09-29,5.474001,4.575
2023-10-02,5.486,4.681
2023-10-03,5.505999,4.798
2023-10-04,5.502999,4.735
2023-10-05,5.508001,4.719
2023-10-06,5.514999,4.805
2023-10-09,5.514798,4.638302
2023-10-10,5.498001,4.657
2023-10-11,5.502999,4.56
2023-10-12,5.509998,4.701
2023-10-13,5.496998,4.612
2023-10-16,5.497,4.708
2023-10-17,5.511,4.836
2023-10-18,5.495002,4.917
2023-10-19,5.482002,4.992
2023-10-20,5.470999,4.918
2023-10-23,5.465,4.852
2023-10-24,5.477001,4.825
2023-10-25,5.481999,4.957
2023-10-26,5.483999,4.847
2023-10-27,5.474001,4.839
2023-10-30,5.481001,4.894
2023-10-31,5.489999,4.933
2023-11-01,5.462001,4.734
2023-11-02,5.436999,4.661
2023-11-03,5.424001,4.574
2023-11-06,5.426,4.645
2023-11-07,5.446,4.571
2023-11-08,5.438,4.495
2023-11-09,5.436999,4.628
2023-11-10,5.417,4.652
2023-11-13,5.428998,4.642
2023-11-14,5.416998,4.451
2023-11-15,5.424999,4.533
2023-11-16,5.408002,4.437
2023-11-17,5.397998,4.439
2023-11-20,5.411002,4.424
2023-11-21,5.423998,4.395
2023-11-22,5.432002,4.408
2023-11-23,5.430149,4.411962
2023-11-24,5.430002,4.472
2023-11-27,5.423999,4.388
2023-11-28,5.425001,4.323
2023-11-29,5.404001,4.259
2023-11-30,5.401,4.328
2023-12-01,5.385,4.197
2023-12-04,5.391999,4.257
2023-12-05,5.407001,4.167
2023-12-06,5.407,4.106
2023-12-07,5.403,4.151
2023-12-08,5.393001,4.229
2023-12-11,5.395001,4.235
2023-12-12,5.411999,4.203
2023-12-13,5.427998,4.02
2023-12-14,5.393,3.923
2023-12-15,5.390001,3.913
2023-12-18,5.395001,3.935
2023-12-19,5.401001,3.933
2023-12-20,5.387999,3.851
2023-12-21,5.381998,3.892
2023-12-22,5.382,3.901
2023-12-26,5.376001,3.899
2023-12-27,5.396,3.798
2023-12-28,5.398002,3.844
2023-12-29,5.352998,3.866
2024-01-02,5.378001,3.935
2024-01-03,5.394001,3.92
2024-01-04,5.393,4.001
2024-01-05,5.383002,4.05
2024-01-08,5.39,4.032
2024-01-09,5.391,4.015
2024-01-10,5.387999,4.03
2024-01-11,5.385,3.968
2024-01-12,5.374001,3.941
2024-01-16,5.371,4.062
2024-01-17,5.394001,4.106
2024-01-18,5.375001,4.146
2024-01-19,5.371998,4.126
2024-01-22,5.374001,4.109
2024-01-23,5.372999,4.132
2024-01-24,5.375001,4.18
2024-01-25,5.364001,4.12
2024-01-26,5.367002,4.141
2024-01-29,5.366002,4.076
2024-01-30,5.369999,4.034
2024-01-31,5.375001,3.916
2024-02-01,5.375001,3.882
2024-02-02,5.377,4.024
2024-02-05,5.395001,4.16
2024-02-06,5.388001,4.102
2024-02-07,5.383001,4.123
2024-02-08,5.390002,4.154
2024-02-09,5.385,4.177
2024-02-12,5.397,4.181
2024-02-13,5.398998,4.318
2024-02-14,5.386,4.259
2024-02-15,5.385,4.236
2024-02-16,5.387002,4.283
2024-02-20,5.378001,4.279
2024-02-21,5.398999,4.319
2024-02-22,5.411,4.327
2024-02-23,5.414001,4.252
2024-02-26,5.415999,4.283
2024-02-27,5.395001,4.303
2024-02-28,5.380998,4.266
2024-02-29,5.373001,4.252
2024-03-01,5.367998,4.184
2024-03-04,5.372002,4.217
2024-03-05,5.381,4.154
2024-03-06,5.376,4.106
2024-03-07,5.377999,4.087
2024-03-08,5.378001,4.079
2024-03-11,5.396001,4.1
2024-03-12,5.392002,4.153
2024-03-13,5.388999,4.192
2024-03-14,5.396002,4.292
2024-03-15,5.389,4.31
2024-03-18,5.384998,4.324
2024-03-19,5.386999,4.293
2024-03-20,5.380998,4.277
2024-03-21,5.383,4.271
2024-03-22,5.367998,4.202
2024-03-25,5.372002,4.247
2024-03-26,5.362999,4.234
2024-03-27,5.361,4.192
2024-03-28,5.367998,4.206
2024-04-01,5.364998,4.313
2024-04-02,5.359002,4.353
2024-04-03,5.356,4.349
2024-04-04,5.349998,4.313
2024-04-05,5.363999,4.404
2024-04-08,5.367998,4.422
2024-04-09,5.368001,4.366
2024-04-10,5.392001,4.544
2024-04-11,5.389,4.591
2024-04-12,5.381,4.526
2024-04-15,5.380001,4.606
2024-04-16,5.384,4.669
2024-04-17,5.399998,4.589
2024-04-18,5.394002,4.635
2024-04-19,5.397001,4.623
2024-04-22,5.400998,4.611
2024-04-23,5.397,4.602
2024-04-24,5.408,4.644
2024-04-25,5.402002,4.706
2024-04-26,5.394002,4.667
2024-04-29,5.392998,4.616
2024-04-30,5.397,4.684
2024-05-01,5.399998,4.632
2024-05-02,5.391,4.583
2024-05-03,5.383999,4.512
2024-05-06,5.384998,4.489
2024-05-07,5.392002,4.459
2024-05-08,5.392001,4.496
2024-05-09,5.391,4.457
2024-05-10,5.390998,4.5
2024-05-13,5.388001,4.488
2024-05-14,5.386999,4.443
2024-05-15,5.386999,4.344
2024-05-16,5.389,4.375
2024-05-17,5.389,4.422
2024-05-20,5.384998,4.449
2024-05-21,5.389002,4.414
2024-05-22,5.392001,4.426
2024-05-23,5.396002,4.477
2024-05-24,5.396001,4.467
2024-05-28,5.395,4.554
2024-05-29,5.396999,4.616
2024-05-30,5.399,4.55
2024-05-31,5.390998,4.502
2024-06-03,5.390999,4.392
2024-06-04,5.397,4.33
2024-06-05,5.395,4.277
2024-06-06,5.389,4.289
2024-06-07,5.386001,4.435
2024-06-10,5.380001,4.471
2024-06-11,5.394999,4.406
2024-06-12,5.392,4.316
2024-06-13,5.390998,4.246
2024-06-14,5.388999,4.223
2024-06-17,5.390999,4.281
2024-06-18,5.400001,4.223
2024-06-20,5.377998,4.263
2024-06-21,5.364998,4.257
2024-06-24,5.356998,4.234
2024-06-25,5.374001,4.25
2024-06-26,5.378999,4.331
2024-06-27,5.375,4.284
2024-06-28,5.363001,4.4
2024-07-01,5.365002,4.465
2024-07-02,5.378001,4.434
2024-07-03,5.377999,4.355
2024-07-05,5.372999,4.282
2024-07-08,5.364998,4.282
2024-07-09,5.374001,4.3
2024-07-10,5.371,4.288
2024-07-11,5.348999,4.214
2024-07-12,5.345001,4.187
2024-07-15,5.336001,4.233
2024-07-16,5.342002,4.16
2024-07-17,5.341999,4.159
2024-07-18,5.343999,4.204
2024-07-19,5.338998,4.241
2024-07-22,5.331001,4.254
2024-07-23,5.326998,4.253
2024-07-24,5.313999,4.288
2024-07-25,5.316,4.245
2024-07-26,5.300001,4.194
2024-07-29,5.289,4.176
2024-07-30,5.28,4.141
2024-07-31,5.275,4.033
2024-08-01,5.253001,3.978
2024-08-02,5.178001,3.794
2024-08-05,5.210998,3.792
2024-08-06,5.224999,3.896
2024-08-07,5.228001,3.943
2024-08-08,5.232,3.992
2024-08-09,5.222001,3.944
2024-08-12,5.216,3.907
2024-08-13,5.199001,3.845
2024-08-14,5.212002,3.837
2024-08-15,5.229998,3.915
2024-08-16,5.220002,3.884
2024-08-19,5.203001,3.871
2024-08-20,5.172999,3.809
2024-08-21,5.153001,3.803
2024-08-22,5.172999,3.856
2024-08-23,5.139001,3.801
2024-08-26,5.140999,3.818
2024-08-27,5.109002,3.822
2024-08-28,5.099001,3.839
2024-08-29,5.116,3.863
2024-08-30,5.105001,3.907
2024-09-03,5.104999,3.833
2024-09-04,5.082001,3.757
2024-09-05,5.071,3.731
2024-09-06,5.058998,3.712
2024-09-09,5.035,3.702
2024-09-10,4.972999,3.644
2024-09-11,5.009999,3.655
2024-09-12,4.980002,3.678
2024-09-13,4.900001,3.655
2024-09-16,4.873999,3.618
2024-09-17,4.875001,3.649
2024-09-18,4.786,3.706
2024-09-19,4.729001,3.715
2024-09-20,4.672002,3.741
2024-09-23,4.630001,3.753
2024-09-24,4.625,3.73
2024-09-25,4.628002,3.787
2024-09-26,4.624999,3.8
2024-09-27,4.612998,3.754
2024-09-30,4.633,3.783
2024-10-01,4.620001,3.732
2024-10-02,4.604999,3.783
2024-10-03,4.604,3.848
2024-10-04,4.643999,3.969
2024-10-07,4.659002,4.028
2024-10-08,4.651,4.016
2024-10-09,4.656001,4.075
2024-10-10,4.656,4.065
2024-10-11,4.641,4.104
2024-10-15,4.645002,4.036
2024-10-16,4.625001,4.018
2024-10-17,4.653,4.093
2024-10-18,4.646002,4.085
2024-10-21,4.641,4.196
2024-10-22,4.631001,4.21
2024-10-23,4.631001,4.248
2024-10-24,4.612001,4.214
2024-10-25,4.635999,4.242
2024-10-28,4.603999,4.284
2024-10-29,4.601998,4.256
2024-10-30,4.584002,4.3
2024-10-31,4.552001,4.286
2024-11-01,4.522,4.386
2024-11-04,4.533999,4.289
2024-11-05,4.54,4.275
2024-11-06,4.550001,4.435
2024-11-07,4.547,4.328
2024-11-08,4.541998,4.308
2024-11-12,4.541999,4.429
2024-11-13,4.504001,4.451
2024-11-14,4.537002,4.439
2024-11-15,4.512001,4.441
2024-11-18,4.518999,4.416
2024-11-19,4.521998,4.398
2024-11-20,4.529001,4.414
2024-11-21,4.542001,4.426
2024-11-22,4.538,4.404
2024-11-25,4.521,4.277
2024-11-26,4.512999,4.308
2024-11-27,4.505998,4.265
2024-11-29,4.496001,4.18
2024-12-02,4.474999,4.194
2024-12-03,4.469999,4.228
2024-12-04,4.470002,4.18
2024-12-05,4.453999,4.178
2024-12-06,4.408002,4.155
2024-12-09,4.401998,4.203
2024-12-10,4.399999,4.228
2024-12-11,4.366001,4.273
2024-12-12,4.336999,4.336
2024-12-13,4.33,4.397
2024-12-16,4.324998,4.403
2024-12-17,4.361001,4.395
2024-12-18,4.345,4.52
2024-12-19,4.339999,4.566
2024-12-20,4.33,4.53
2024-12-23,4.330001,4.589
2024-12-24,4.338001,4.585
2024-12-26,4.342,4.585
2024-12-27,4.299001,4.629
2024-12-30,4.289001,4.535
2024-12-31,4.333001,4.573
2025-01-02,4.319,4.563
2025-01-03,4.305,4.602
2025-01-06,4.304002,4.624
2025-01-07,4.314,4.685
2025-01-08,4.313999,4.693
2025-01-09,4.314,4.689
2025-01-10,4.336,4.763
2025-01-13,4.330001,4.79
2025-01-14,4.324999,4.794
2025-01-15,4.308999,4.653
2025-01-16,4.309,4.613
2025-01-17,4.304002,4.623
2025-01-21,4.308998,4.574
2025-01-22,4.325001,4.613
2025-01-23,4.321999,4.646
2025-01-24,4.314999,4.617
2025-01-27,4.299,4.534
2025-01-28,4.296001,4.536
2025-01-29,4.299002,4.532
2025-01-30,4.295998,4.52
2025-01-31,4.294,4.543
2025-02-03,4.299,4.553
2025-02-04,4.321999,4.513
2025-02-05,4.320002,4.424
2025-02-06,4.326999,4.436
2025-02-07,4.341002,4.493
2025-02-10,4.338001,4.501
2025-02-11,4.332999,4.539
2025-02-12,4.335001,4.627
2025-02-13,4.329,4.533
2025-02-14,4.324998,4.478
2025-02-18,4.323999,4.552
2025-02-19,4.325001,4.535
2025-02-20,4.319,4.509
2025-02-21,4.307,4.431
2025-02-24,4.299,4.4
2025-02-25,4.296001,4.298
2025-02-26,4.304,4.256
2025-02-27,4.304001,4.266
2025-02-28,4.305,4.203
2025-03-03,4.304002,4.159
2025-03-04,4.321999,4.242
2025-03-05,4.313999,4.28
2025-03-06,4.306001,4.278
2025-03-07,4.307,4.305
2025-03-10,4.289001,4.219
2025-03-11,4.300999,4.284
2025-03-12,4.307,4.316
2025-03-13,4.304001,4.27
2025-03-14,4.299001,4.32
2025-03-17,4.295999,4.299
2025-03-18,4.307001,4.285
2025-03-19,4.299,4.247
2025-03-20,4.295998,4.241
2025-03-21,4.295,4.25
2025-03-24,4.294,4.338
2025-03-25,4.293998,4.317
2025-03-26,4.301001,4.354
2025-03-27,4.301002,4.361
2025-03-28,4.299001,4.251
2025-03-31,4.304002,4.211
2025-04-01,4.306999,4.161
2025-04-02,4.307,4.127
2025-04-03,4.301002,4.038
2025-04-04,4.267999,4
2025-04-07,4.280999,4.203
2025-04-08,4.306999,4.291
2025-04-09,4.34,4.328
2025-04-10,4.331999,4.425
2025-04-11,4.336,4.497
2025-04-14,4.322001,4.384
2025-04-15,4.32,4.339
2025-04-16,4.316998,4.281
2025-04-17,4.328,4.333
2025-04-21,4.330001,4.417
2025-04-22,4.321999,4.401
2025-04-23,4.316998,4.385
2025-04-24,4.311001,4.315
2025-04-25,4.305,4.255
2025-04-28,4.299,4.206
2025-04-29,4.296001,4.172
2025-04-30,4.293999,4.168
2025-05-01,4.301002,4.216
2025-05-02,4.32,4.308
2025-05-05,4.32,4.349
2025-05-06,4.32,4.298
2025-05-07,4.325001,4.269
2025-05-08,4.336999,4.38
2025-05-09,4.324998,4.382
2025-05-12,4.396998,4.473
2025-05-13,4.401998,4.471
2025-05-14,4.392002,4.542
2025-05-15,4.368002,4.431
2025-05-16,4.354,4.445
2025-05-19,4.353001,4.449
2025-05-20,4.363998,4.485
2025-05-21,4.343,4.597
2025-05-22,4.352999,4.529
2025-05-23,4.345,4.509
2025-05-27,4.319,4.448
2025-05-28,4.335001,4.475
2025-05-29,4.352999,4.426
2025-05-30,4.346,4.398
2025-06-02,4.345,4.442
2025-06-03,4.351002,4.458
2025-06-04,4.345,4.357
2025-06-05,4.342,4.391
2025-06-06,4.346,4.508
2025-06-09,4.355998,4.476
2025-06-10,4.358001,4.474
2025-06-11,4.361001,4.42
2025-06-12,4.384,4.365
2025-06-13,4.366999,4.409
2025-06-16,4.361002,4.45
2025-06-17,4.332001,4.387
2025-06-18,4.347999,4.391
2025-06-20,4.314999,4.377
2025-06-23,4.273001,4.342
2025-06-24,4.300999,4.296
2025-06-25,4.295998,4.291
2025-06-26,4.329,4.246
2025-06-27,4.307,4.275
2025-06-30,4.304002,4.232
2025-07-01,4.340001,4.242
2025-07-02,4.348,4.283
2025-07-03,4.364001,4.348
2025-07-07,4.351,4.383
2025-07-08,4.363998,4.403
2025-07-09,4.361001,4.336
2025-07-10,4.358,4.35
2025-07-11,4.346,4.417
2025-07-14,4.340002,4.437
2025-07-15,4.366001,4.491
2025-07-16,4.353001,4.459
2025-07-17,4.347999,4.455
2025-07-18,4.341002,4.42
2025-07-21,4.334999,4.38
2025-07-22,4.343002,4.348
2025-07-23,4.361001,4.384
2025-07-24,4.358,4.4
2025-07-25,4.354,4.386
2025-07-28,4.345,4.414
2025-07-29,4.340001,4.324
2025-07-30,4.358001,4.372
2025-07-31,4.347999,4.382
2025-08-01,4.299001,4.216
2025-08-04,4.262998,4.194
2025-08-05,4.255001,4.208
2025-08-06,4.242002,4.232
2025-08-07,4.243999,4.248
2025-08-08,4.247998,4.285
2025-08-11,4.258002,4.279
2025-08-12,4.241999,4.289
2025-08-13,4.205999,4.236
2025-08-14,4.223002,4.289
2025-08-15,4.221998,4.322
2025-08-18,4.231999,4.335
2025-08-19,4.221,4.31
2025-08-20,4.216,4.291
2025-08-21,4.239001,4.328
2025-08-22,4.196001,4.256
2025-08-25,4.200999,4.277
2025-08-26,4.196002,4.265
2025-08-27,4.174999,4.238
2025-08-28,4.182,4.205
2025-08-29,4.155001,4.232
2025-09-02,4.132999,4.265
2025-09-03,4.122999,4.217
2025-09-04,4.088998,4.161
2025-09-05,4.020002,4.076
2025-09-08,4.03,4.042
2025-09-09,4.044998,4.086
2025-09-10,4.037001,4.045
2025-09-11,4.033998,4.026
2025-09-12,4.033002,4.068
2025-09-15,3.997002,4.038
2025-09-16,3.983002,4.032
2025-09-17,3.973002,4.087
2025-09-18,3.978,4.11
2025-09-19,3.979001,4.133
2025-09-22,3.945002,4.147
2025-09-23,3.947001,4.106
2025-09-24,3.960001,4.149
2025-09-25,3.985999,4.176
2025-09-26,3.964001,4.174
2025-09-29,3.962999,4.141
2025-09-30,3.947001,4.154
2025-10-01,3.939998,4.1
2025-10-02,3.954999,4.085
2025-10-03,3.960999,4.121
2025-10-06,3.953,4.158
2025-10-07,3.942001,4.125
2025-10-08,3.942,4.123
2025-10-09,3.962,4.142
2025-10-10,3.953,4.059
2025-10-14,3.950001,4.032
2025-10-15,3.960002,4.028
2025-10-16,3.944001,3.975
2025-10-17,3.925002,4.011
2025-10-20,3.888,3.982
2025-10-21,3.885,3.965
2025-10-22,3.884998,3.953
2025-10-23,3.887002,4.003
2025-10-24,3.858,4.003
2025-10-27,3.817999,3.987
2025-10-28,3.815002,3.978
2025-10-29,3.880002,4.078
2025-10-30,3.854001,4.097
2025-10-31,3.839,4.081
2025-11-03,3.88,4.108
2025-11-04,3.887998,4.083
2025-11-05,3.884998,4.161
2025-11-06,3.858998,4.087
2025-11-07,3.858,4.093
2025-11-10,3.876999,4.12
2025-11-12,3.877,4.065
2025-11-13,3.889999,4.115
2025-11-14,3.885998,4.148
2025-11-17,3.872998,4.139
2025-11-18,3.875,4.117
2025-11-19,3.882001,4.139
2025-11-20,3.872001,4.086
2025-11-21,3.834001,4.067
2025-11-24,3.824001,4.031
2025-11-25,3.824999,4
2025-11-26,3.848,3.992
2025-11-28,3.808,4.017
2025-12-01,3.777002,4.09
2025-12-02,3.769002,4.09
2025-12-03,3.724999,4.063
2025-12-04,3.713998,4.1
2025-12-05,3.708002,4.139
2025-12-08,3.704999,4.17
2025-12-09,3.726998,4.19
2025-12-10,3.676,4.155
2025-12-11,3.657002,4.153
2025-12-12,3.624998,4.186
2025-12-15,3.627999,4.178
2025-12-16,3.631999,4.147
2025-12-17,3.631998,4.153
2025-12-18,3.612999,4.124
2025-12-19,3.612002,4.149
2025-12-22,3.62,4.165
2025-12-23,3.641999,4.167
2025-12-24,3.647001,4.135
2025-12-26,3.633001,4.132
2025-12-29,3.632998,4.112
2025-12-30,3.629001,4.126
2025-12-31,3.639,4.163
2026-01-02,3.623001,4.195
2026-01-05,3.598999,4.155
2026-01-06,3.606001,4.169
2026-01-07,3.596002,4.15
2026-01-08,3.597998,4.167
2026-01-09,3.601998,4.169
2026-01-12,3.62,4.185
2026-01-13,3.645001,4.175
2026-01-14,3.646999,4.138
2026-01-15,3.652001,4.171
2026-01-16,3.640001,4.227
2026-01-20,3.658002,4.295
2026-01-21,3.678001,4.247
2026-01-22,3.675001,4.251
2026-01-23,3.673999,4.231
2026-01-26,3.666001,4.213
2026-01-27,3.662999,4.245
2026-01-28,3.676,4.247
2026-01-29,3.67,4.233
2026-01-30,3.664001,4.239
2026-02-02,3.671001,4.281
2026-02-03,3.684001,4.267
2026-02-04,3.686,4.278
2026-02-05,3.668002,4.188
2026-02-06,3.678998,4.208
2026-02-09,3.687,4.2
2026-02-10,3.684001,4.141
2026-02-11,3.691,4.174
2026-02-12,3.690999,4.1
2026-02-13,3.678998,4.05
2026-02-17,3.680998,4.062
2026-02-18,3.693998,4.083
2026-02-19,3.688001,4.071
2026-02-20,3.686999,4.086
2026-02-23,3.676999,4.031
2026-02-24,3.678,4.037
2026-02-25,3.681,4.058
2026-02-26,3.677999,4.01
2026-02-27,3.664001,3.949
2026-03-02,3.676999,4.036
2026-03-03,3.684001,4.065
2026-03-04,3.686,4.1
2026-03-05,3.675001,4.14
2026-03-06,3.667002,4.138
2026-03-09,3.678998,4.102
2026-03-10,3.684001,4.156
2026-03-11,3.688998,4.228
2026-03-12,3.696,4.261
2026-03-13,3.691999,4.283
2026-03-16,3.692,4.22
2026-03-17,3.694,4.2
2026-03-18,3.707002,4.265
2026-03-19,3.701001,4.249
2026-03-20,3.71,4.384
2026-03-23,3.704999,4.35
2026-03-24,3.712002,4.368
2026-03-25,3.707002,4.332
2026-03-26,3.717001,4.412
2026-03-27,3.691999,4.428
2026-03-30,3.692,4.35
2026-03-31,3.694,4.319
2026-04-01,3.696,4.321
2026-04-02,3.7,4.309
2026-04-06,3.715001,4.339
2026-04-07,3.703999,4.301
2026-04-08,3.688998,4.295
2026-04-09,3.681001,4.283
2026-04-10,3.685001,4.317
2026-04-13,3.692,4.293
2026-04-14,3.703999,4.248
2026-04-15,3.703999,4.281
2026-04-16,3.698998,4.315
2026-04-17,3.691999,4.248
2026-04-20,3.683998,4.258
2026-04-21,3.689,4.299
2026-04-22,3.683998,4.305
2026-04-23,3.683,4.325
2026-04-24,3.682,4.306
2026-04-27,3.683998,4.34
2026-04-28,3.678,4.35
2026-04-29,3.681,4.43
2026-04-30,3.67,4.374
2026-05-01,3.664001,4.372
2026-05-04,3.678998,4.432
2026-05-05,3.691001,4.426
2026-05-06,3.686,4.352
2026-05-07,3.688001,4.384
2026-05-08,3.685001,4.36
2026-05-11,3.687,4.412
2026-05-12,3.694,4.463
2026-05-13,3.688998,4.467
2026-05-14,3.683,4.483
2026-05-15,3.678998,4.597
2026-05-18,3.653,4.585
2026-05-19,3.662999,4.667
2026-05-20,3.650001,4.585
2026-05-21,3.67,4.572
2026-05-22,3.674002,4.556
2026-05-26,3.671,4.491
2026-05-27,3.673001,4.483
2026-05-28,3.681001,4.453
2026-05-29,3.677,4.437
2026-06-01,3.702002,4.453
2026-06-02,3.708999,4.453
2026-06-03,3.715001,4.493
2026-06-04,3.709001,4.475
2026-06-05,3.715999,4.532
2026-06-08,3.717998,4.568
2026-06-09,3.725001,4.518
2026-06-10,3.719998,4.554
2026-06-11,3.713998,4.459
2026-06-12,3.708002,4.483
2026-06-15,3.706998,4.473
2026-06-16,3.720001,4.439
2026-06-17,3.763998,4.487
2026-06-18,3.754002,4.455
2026-06-22,3.772,4.509
2026-06-23,3.783998,4.499
2026-06-24,3.783999,4.398
2026-06-25,3.773998,4.39
2026-06-26,3.751999,4.376
2026-06-29,3.772,4.376
2026-06-30,3.828,4.461
2026-07-01,3.792002,4.483
2026-07-02,3.764999,4.485
2026-07-06,3.775002,4.471
2026-07-07,3.817998,4.551
2026-07-08,3.818002,4.581
2026-07-09,3.781001,4.549
2026-07-10,3.789999,4.561
2026-07-13,3.826002,4.624
2026-07-14,3.789,4.587
2026-07-15,3.786999,4.549
2026-07-16,3.791999,4.557
2026-07-17,3.802998,4.549
2026-07-20,3.797999,4.594
2026-07-21,3.823001,4.626
2026-07-22,3.844001,4.659
2026-07-23,3.899999,4.699
2026-07-24,3.912,4.681
2026-07-27,3.900998,4.647
2026-07-28,3.857,4.606
2026-07-29,3.782001,4.687
2026-07-30,3.773998,4.673
2026-07-31,3.770001,4.718
2026-08-03,3.777002,4.676
2026-08-04,3.823001,4.615
2026-08-05,3.820001,4.615
2026-08-06,3.827998,4.676
2026-08-07,3.800999,4.649
2026-08-10,3.810999,4.705
2026-08-11,3.823001,4.694
2026-08-12,3.801999,4.688
2026-08-13,3.809998,4.649
2026-08-14,3.789999,4.692
2026-08-17,3.790002,4.726
2026-08-18,3.796998,4.708
2026-08-19,3.792002,4.641
2026-08-20,3.796999,4.708
2026-08-21,3.808,4.736
2026-08-24,3.797999,4.7
2026-08-25,3.786998,4.623
2026-08-26,3.782001,4.649
2026-08-27,3.776001,4.676
2026-08-28,3.822,4.73
2026-08-31,3.837,4.754
2026-09-01,3.871999,4.796
2026-09-02,3.863998,4.78
2026-09-03,3.837999,4.772
2026-09-04,3.856999,4.784
2026-09-08,3.872001,4.792
2026-09-09,3.900002,4.845
2026-09-10,3.952002,4.961
2026-09-11,4.012001,4.969
2026-09-14,4.051,4.998
2026-09-15,4.062999,5.006
2026-09-16,4.074001,5.02
2026-09-17,4.068,4.939
2026-09-18,4.081998,5
2026-09-21,4.083998,4.951
2026-09-22,4.105001,4.955
2026-09-23,4.136002,5.11
2026-09-24,4.181999,5.208
2026-09-25,4.178002,5.167
2026-09-28,4.162002,5.236
2026-09-29,4.169,5.234
